"anio","mes","fecha_inicio_mes","fecha_fin_mes","dias_periodo","tea_anualizado"
"1993","8","02/08/1993","31/08/1993","29","0.1860207738"
"1993","9","01/09/1993","30/09/1993","29","0.4206895582"
"1993","10","01/10/1993","29/10/1993","28","0.5115700509"
"1993","11","02/11/1993","30/11/1993","28","0.3819525173"
"1993","12","01/12/1993","31/12/1993","30","0.4854917621"
"1994","1","03/01/1994","31/01/1994","28","0.5163233304"
"1994","2","01/02/1994","28/02/1994","27","0.417361496"
"1994","3","01/03/1994","30/03/1994","29","0.270963517"
"1994","4","04/04/1994","29/04/1994","25","0.2498789052"
"1994","5","02/05/1994","31/05/1994","29","0.2202028386"
"1994","6","01/06/1994","30/06/1994","29","0.2104884293"
"1994","7","01/07/1994","27/07/1994","26","0.1476790409"
"1994","8","01/08/1994","31/08/1994","30","0.2673104085"
"1994","9","01/09/1994","30/09/1994","29","0.3333564745"
"1994","10","03/10/1994","31/10/1994","28","0.1756344991"
"1994","11","02/11/1994","30/11/1994","28","-0.0650541412"
"1994","12","01/12/1994","30/12/1994","29","0.0659642918"
"1995","1","02/01/1995","31/01/1995","29","-0.2137829345"
"1995","2","01/02/1995","28/02/1995","27","0.0224786022"
"1995","3","01/03/1995","31/03/1995","30","0.1835954365"
"1995","4","03/04/1995","28/04/1995","25","0.8094575843"
"1995","5","02/05/1995","31/05/1995","29","0.1866681236"
"1995","6","01/06/1995","30/06/1995","29","0.1034667142"
"1995","7","03/07/1995","31/07/1995","28","0.3423630123"
"1995","8","01/08/1995","31/08/1995","30","0.2189507576"
"1995","9","01/09/1995","29/09/1995","28","0.0126660074"
"1995","10","02/10/1995","31/10/1995","29","-0.0197968311"
"1995","11","02/11/1995","30/11/1995","28","0.2463088162"
"1995","12","01/12/1995","29/12/1995","28","0.2929791498"
"1996","1","02/01/1996","31/01/1996","29","0.3320853774"
"1996","2","01/02/1996","29/02/1996","28","0.0901492417"
"1996","3","01/03/1996","29/03/1996","28","0.0090582926"
"1996","4","01/04/1996","30/04/1996","29","0.4104671397"
"1996","5","02/05/1996","31/05/1996","29","0.2432134193"
"1996","6","03/06/1996","28/06/1996","25","0.3710975488"
"1996","7","01/07/1996","31/07/1996","30","0.1762407081"
"1996","8","01/08/1996","29/08/1996","28","0.185706131"
"1996","9","02/09/1996","30/09/1996","28","0.2331633339"
"1996","10","01/10/1996","31/10/1996","30","-0.0679037287"
"1996","11","04/11/1996","29/11/1996","25","0.029298632"
"1996","12","02/12/1996","31/12/1996","29","0.0648507597"
"1997","1","02/01/1997","31/01/1997","29","0.6988507145"
"1997","2","03/02/1997","28/02/1997","25","0.6419379417"
"1997","3","03/03/1997","31/03/1997","28","0.2233288113"
"1997","4","01/04/1997","30/04/1997","29","0.4043572168"
"1997","5","02/05/1997","30/05/1997","28","0.689585749"
"1997","6","02/06/1997","30/06/1997","28","-0.1860429076"
"1997","7","01/07/1997","31/07/1997","30","-0.1573756553"
"1997","8","01/08/1997","29/08/1997","28","0.1842396708"
"1997","9","01/09/1997","30/09/1997","29","0.1562315955"
"1997","10","01/10/1997","31/10/1997","30","-0.130099445"
"1997","11","03/11/1997","28/11/1997","25","-0.114300847"
"1997","12","01/12/1997","31/12/1997","30","0.1671553109"
"1998","1","02/01/1998","30/01/1998","28","-0.267342619"
"1998","2","02/02/1998","27/02/1998","25","-0.1413533216"
"1998","3","02/03/1998","31/03/1998","29","0.7402767581"
"1998","4","01/04/1998","30/04/1998","29","0.4606218361"
"1998","5","04/05/1998","29/05/1998","25","-0.1217576483"
"1998","6","01/06/1998","30/06/1998","29","-0.1682289105"
"1998","7","01/07/1998","31/07/1998","30","0.1371164098"
"1998","8","03/08/1998","31/08/1998","28","-0.6639962522"
"1998","9","01/09/1998","30/09/1998","29","0.1514703512"
"1998","10","01/10/1998","30/10/1998","29","0.0345795906"
"1998","11","02/11/1998","30/11/1998","28","1.5330865963"
"1998","12","01/12/1998","31/12/1998","30","-0.3063232146"
"1999","1","04/01/1999","29/01/1999","25","0.4416154482"
"1999","2","01/02/1999","26/02/1999","25","0.5456832112"
"1999","3","01/03/1999","31/03/1999","30","0.0598878222"
"1999","4","05/04/1999","30/04/1999","25","0.7861126519"
"1999","5","03/05/1999","31/05/1999","28","-0.0841398122"
"1999","6","01/06/1999","30/06/1999","29","0.1248371365"
"1999","7","01/07/1999","30/07/1999","29","-0.0447006286"
"1999","8","02/08/1999","31/08/1999","29","0.4093873463"
"1999","9","01/09/1999","30/09/1999","29","0.7714832002"
"1999","10","01/10/1999","29/10/1999","28","0.062286711"
"1999","11","02/11/1999","30/11/1999","28","0.2123648291"
"1999","12","01/12/1999","31/12/1999","30","0.1507676658"
"2000","1","03/01/2000","31/01/2000","28","0.2972317156"
"2000","2","01/02/2000","29/02/2000","28","0.0974802666"
"2000","3","01/03/2000","31/03/2000","30","-0.1847554618"
"2000","4","03/04/2000","28/04/2000","25","0.1266621955"
"2000","5","02/05/2000","31/05/2000","29","-0.365158453"
"2000","6","01/06/2000","30/06/2000","29","0.2030590948"
"2000","7","03/07/2000","31/07/2000","28","-0.0902057302"
"2000","8","01/08/2000","31/08/2000","30","0.230300297"
"2000","9","01/09/2000","29/09/2000","28","-0.2185219641"
"2000","10","02/10/2000","31/10/2000","29","-0.1253224623"
"2000","11","02/11/2000","30/11/2000","28","-0.285850706"
"2000","12","01/12/2000","29/12/2000","28","0.2171879794"
"2001","1","02/01/2001","31/01/2001","29","0.6681791817"
"2001","2","01/02/2001","28/02/2001","27","-0.0172072219"
"2001","3","01/03/2001","30/03/2001","29","0.0402293202"
"2001","4","02/04/2001","30/04/2001","28","-0.0257907746"
"2001","5","01/05/2001","31/05/2001","30","0.2808255828"
"2001","6","01/06/2001","29/06/2001","28","0.0445373052"
"2001","7","02/07/2001","31/07/2001","29","-0.0788419848"
"2001","8","01/08/2001","31/08/2001","30","0.2597365844"
"2001","9","03/09/2001","28/09/2001","25","-0.0740919207"
"2001","10","01/10/2001","31/10/2001","30","-0.1255722134"
"2001","11","01/11/2001","30/11/2001","29","0.2196195869"
"2001","12","03/12/2001","31/12/2001","28","0.2815289245"
"2002","1","02/01/2002","31/01/2002","29","0.4678077377"
"2002","2","01/02/2002","28/02/2002","27","0.2403310962"
"2002","3","01/03/2002","28/03/2002","27","0.0709276821"
"2002","4","01/04/2002","30/04/2002","29","-0.0451565256"
"2002","5","01/05/2002","31/05/2002","30","0.2048816521"
"2002","6","03/06/2002","28/06/2002","25","-0.179586016"
"2002","7","01/07/2002","31/07/2002","30","-0.0472994919"
"2002","8","01/08/2002","30/08/2002","29","0.3544223768"
"2002","9","02/09/2002","30/09/2002","28","-0.0227352813"
"2002","10","01/10/2002","31/10/2002","30","0.2301432836"
"2002","11","01/11/2002","29/11/2002","28","0.211868969"
"2002","12","02/12/2002","31/12/2002","29","0.2115221363"
"2003","1","02/01/2003","31/01/2003","29","0.2450786493"
"2003","2","03/02/2003","28/02/2003","25","0.1279480008"
"2003","3","03/03/2003","31/03/2003","28","0.090574719"
"2003","4","01/04/2003","30/04/2003","29","0.3428551392"
"2003","5","01/05/2003","30/05/2003","29","0.3804011382"
"2003","6","02/06/2003","30/06/2003","28","0.14905326"
"2003","7","01/07/2003","31/07/2003","30","0.1342140084"
"2003","8","01/08/2003","29/08/2003","28","0.3209180549"
"2003","9","01/09/2003","30/09/2003","29","0.3375641552"
"2003","10","01/10/2003","31/10/2003","30","0.3855000497"
"2003","11","03/11/2003","28/11/2003","25","0.4547617132"
"2003","12","01/12/2003","31/12/2003","30","0.2211206393"
"2004","1","02/01/2004","30/01/2004","28","-0.1275127663"
"2004","2","02/02/2004","27/02/2004","25","0.0743783838"
"2004","3","01/03/2004","31/03/2004","30","0.4408889458"
"2004","4","01/04/2004","30/04/2004","29","-0.3301465562"
"2004","5","03/05/2004","31/05/2004","28","0.0944127059"
"2004","6","01/06/2004","30/06/2004","29","0.1141466249"
"2004","7","01/07/2004","30/07/2004","29","-0.1108852967"
"2004","8","02/08/2004","31/08/2004","29","0.1106630445"
"2004","9","01/09/2004","30/09/2004","29","0.3305382943"
"2004","10","01/10/2004","29/10/2004","28","0.228360512"
"2004","11","01/11/2004","30/11/2004","29","0.2187234295"
"2004","12","01/12/2004","31/12/2004","30","0.0554987879"
"2005","1","03/01/2005","31/01/2005","28","0.172039715"
"2005","2","01/02/2005","28/02/2005","27","0.328381257"
"2005","3","01/03/2005","31/03/2005","30","-0.1667094258"
"2005","4","01/04/2005","29/04/2005","28","0.0084422342"
"2005","5","02/05/2005","31/05/2005","29","0.0274169053"
"2005","6","01/06/2005","30/06/2005","29","0.1873277683"
"2005","7","01/07/2005","29/07/2005","28","0.5071287792"
"2005","8","01/08/2005","31/08/2005","30","0.2763270654"
"2005","9","01/09/2005","30/09/2005","29","1.4959948418"
"2005","10","03/10/2005","31/10/2005","28","-0.3674952828"
"2005","11","01/11/2005","30/11/2005","29","0.431393839"
"2005","12","01/12/2005","30/12/2005","29","-0.2617671682"
"2006","1","02/01/2006","31/01/2006","29","0.7806336114"
"2006","2","01/02/2006","28/02/2006","27","0.0609069037"
"2006","3","01/03/2006","31/03/2006","30","-0.1732242021"
"2006","4","03/04/2006","28/04/2006","25","1.0298110025"
"2006","5","01/05/2006","31/05/2006","30","-0.2741156167"
"2006","6","01/06/2006","30/06/2006","29","0.3135149627"
"2006","7","03/07/2006","31/07/2006","28","0.3313879506"
"2006","8","01/08/2006","31/08/2006","30","0.7397594002"
"2006","9","01/09/2006","29/09/2006","28","0.3100383683"
"2006","10","02/10/2006","31/10/2006","29","0.3865700276"
"2006","11","01/11/2006","30/11/2006","29","0.3421854486"
"2006","12","01/12/2006","29/12/2006","28","0.3800315929"
"2007","1","02/01/2007","31/01/2007","29","0.4059943391"
"2007","2","01/02/2007","28/02/2007","27","0.7921742582"
"2007","3","01/03/2007","30/03/2007","29","0.7194006964"
"2007","4","02/04/2007","30/04/2007","28","1.3985693127"
"2007","5","01/05/2007","31/05/2007","30","0.223390642"
"2007","6","01/06/2007","29/06/2007","28","0.3038820668"
"2007","7","02/07/2007","31/07/2007","29","0.1743072575"
"2007","8","01/08/2007","31/08/2007","30","-0.3789548851"
"2007","9","03/09/2007","28/09/2007","25","0.7748123737"
"2007","10","01/10/2007","31/10/2007","30","0.292407693"
"2007","11","01/11/2007","30/11/2007","29","-0.4107157772"
"2007","12","03/12/2007","31/12/2007","28","-0.0932246754"
"2008","1","02/01/2008","31/01/2008","29","-0.4061140304"
"2008","2","01/02/2008","29/02/2008","28","0.5802853612"
"2008","3","03/03/2008","31/03/2008","28","-0.2066692149"
"2008","4","01/04/2008","30/04/2008","29","0.2882708047"
"2008","5","01/05/2008","30/05/2008","29","0.1983679605"
"2008","6","02/06/2008","30/06/2008","28","-0.2287056468"
"2008","7","01/07/2008","31/07/2008","30","-0.5874498327"
"2008","8","01/08/2008","29/08/2008","28","-0.0137098757"
"2008","9","01/09/2008","30/09/2008","29","-0.6530364285"
"2008","10","01/10/2008","31/10/2008","30","-0.8344533434"
"2008","11","03/11/2008","28/11/2008","25","0.5813609999"
"2008","12","01/12/2008","31/12/2008","30","1.178720857"
"2009","1","02/01/2009","30/01/2009","28","-0.1897356092"
"2009","2","02/02/2009","27/02/2009","25","-0.0838682892"
"2009","3","02/03/2009","31/03/2009","29","1.4081197386"
"2009","4","01/04/2009","30/04/2009","29","0.7443465418"
"2009","5","01/05/2009","29/05/2009","28","0.6842609231"
"2009","6","01/06/2009","30/06/2009","29","-0.1672996091"
"2009","7","01/07/2009","31/07/2009","30","0.2792920989"
"2009","8","03/08/2009","31/08/2009","28","0.1269604172"
"2009","9","01/09/2009","30/09/2009","29","1.1850775137"
"2009","10","01/10/2009","30/10/2009","29","0.1011678464"
"2009","11","02/11/2009","30/11/2009","28","0.3885604995"
"2009","12","01/12/2009","31/12/2009","30","-0.108397263"
"2010","1","04/01/2010","29/01/2010","25","-0.5409555675"
"2010","2","01/02/2010","26/02/2010","25","0.0483630427"
"2010","3","01/03/2010","31/03/2010","30","0.5387147782"
"2010","4","01/04/2010","30/04/2010","29","0.0499582691"
"2010","5","03/05/2010","31/05/2010","28","-0.2405367628"
"2010","6","01/06/2010","30/06/2010","29","-0.1158300227"
"2010","7","01/07/2010","30/07/2010","29","0.9137971107"
"2010","8","02/08/2010","31/08/2010","29","0.2034922029"
"2010","9","01/09/2010","30/09/2010","29","0.6580163957"
"2010","10","01/10/2010","29/10/2010","28","0.5316257935"
"2010","11","01/11/2010","30/11/2010","29","-0.0827101743"
"2010","12","01/12/2010","31/12/2010","30","0.2455990218"
"2011","1","03/01/2011","31/01/2011","28","-0.3034830822"
"2011","2","01/02/2011","28/02/2011","27","-0.1531212115"
"2011","3","01/03/2011","31/03/2011","30","-0.1153117012"
"2011","4","01/04/2011","29/04/2011","28","-0.2282844441"
"2011","5","02/05/2011","31/05/2011","29","0.28494278"
"2011","6","01/06/2011","30/06/2011","29","-0.1560004519"
"2011","7","01/07/2011","29/07/2011","28","0.4649149452"
"2011","8","01/08/2011","31/08/2011","30","0.0393535494"
"2011","9","01/09/2011","30/09/2011","29","-0.6653328754"
"2011","10","03/10/2011","31/10/2011","28","1.4198101729"
"2011","11","01/11/2011","30/11/2011","29","-0.0047179216"
"2011","12","01/12/2011","30/12/2011","29","-0.1554122876"
"2012","1","02/01/2012","31/01/2012","29","0.9784734822"
"2012","2","01/02/2012","29/02/2012","28","0.178081547"
"2012","3","01/03/2012","30/03/2012","29","-0.0442352097"
"2012","4","02/04/2012","30/04/2012","28","-0.0533268298"
"2012","5","01/05/2012","31/05/2012","30","-0.2856368697"
"2012","6","01/06/2012","29/06/2012","28","0.302572759"
"2012","7","02/07/2012","31/07/2012","29","-0.110579161"
"2012","8","01/08/2012","31/08/2012","30","0.0841428664"
"2012","9","03/09/2012","28/09/2012","25","0.5276595452"
"2012","10","01/10/2012","31/10/2012","30","-0.0379872667"
"2012","11","01/11/2012","30/11/2012","29","0.066740406"
"2012","12","03/12/2012","31/12/2012","28","0.2542232773"
"2013","1","02/01/2013","31/01/2013","29","0.1611503102"
"2013","2","01/02/2013","28/02/2013","27","-0.1671283726"
"2013","3","01/03/2013","28/03/2013","27","0.0852713285"
"2013","4","01/04/2013","30/04/2013","29","0.0541899695"
"2013","5","01/05/2013","31/05/2013","30","-0.2349669511"
"2013","6","03/06/2013","28/06/2013","25","-0.2870563504"
"2013","7","01/07/2013","31/07/2013","30","0.074227742"
"2013","8","01/08/2013","30/08/2013","29","-0.178701958"
"2013","9","02/09/2013","30/09/2013","28","0.1919368192"
"2013","10","01/10/2013","31/10/2013","30","0.3325136084"
"2013","11","01/11/2013","29/11/2013","28","-0.1126306602"
"2013","12","02/12/2013","31/12/2013","29","0.1804309938"
"2014","1","02/01/2014","31/01/2014","29","-0.1864920569"
"2014","2","03/02/2014","28/02/2014","25","0.3749375939"
"2014","3","03/03/2014","31/03/2014","28","0.0997596678"
"2014","4","01/04/2014","30/04/2014","29","0.1621634542"
"2014","5","01/05/2014","30/05/2014","29","0.0773414869"
"2014","6","02/06/2014","30/06/2014","28","0.2472690325"
"2014","7","01/07/2014","31/07/2014","30","-0.0351303737"
"2014","8","01/08/2014","29/08/2014","28","0.3673268473"
"2014","9","01/09/2014","30/09/2014","29","-0.1384462134"
"2014","10","01/10/2014","31/10/2014","30","0.2147376221"
"2014","11","03/11/2014","28/11/2014","25","0.0585939773"
"2014","12","01/12/2014","31/12/2014","30","0.0468737887"
"2015","1","02/01/2015","30/01/2015","28","0.2334471799"
"2015","2","02/02/2015","27/02/2015","25","0.2335373976"
"2015","3","02/03/2015","31/03/2015","29","-0.1146458597"
"2015","4","01/04/2015","30/04/2015","29","0.1894488389"
"2015","5","01/05/2015","29/05/2015","28","0.0813263007"
"2015","6","01/06/2015","30/06/2015","29","-0.0944833349"
"2015","7","01/07/2015","31/07/2015","30","0.018885391"
"2015","8","03/08/2015","31/08/2015","28","-0.4154544679"
"2015","9","01/09/2015","30/09/2015","29","-0.1098505907"
"2015","10","01/10/2015","30/10/2015","29","0.7785953141"
"2015","11","02/11/2015","30/11/2015","28","0.2801527039"
"2015","12","01/12/2015","31/12/2015","30","-0.1640595887"
"2016","1","04/01/2016","29/01/2016","25","-0.1644144192"
"2016","2","01/02/2016","29/02/2016","28","0.1750413039"
"2016","3","01/03/2016","31/03/2016","30","-0.0047910455"
"2016","4","01/04/2016","29/04/2016","28","0.2910485789"
"2016","5","02/05/2016","31/05/2016","29","0.2289108818"
"2016","6","01/06/2016","30/06/2016","29","-0.109772109"
"2016","7","01/07/2016","29/07/2016","28","0.5750497915"
"2016","8","01/08/2016","31/08/2016","30","0.2205874114"
"2016","9","01/09/2016","30/09/2016","29","0.0511178138"
"2016","10","03/10/2016","31/10/2016","28","-0.0365633293"
"2016","11","01/11/2016","30/11/2016","29","-0.0286022304"
"2016","12","01/12/2016","30/12/2016","29","0.0889244432"
"2017","1","02/01/2017","31/01/2017","29","-0.0097133849"
"2017","2","01/02/2017","28/02/2017","27","0.049578697"
"2017","3","01/03/2017","31/03/2017","30","0.1462336469"
"2017","4","03/04/2017","28/04/2017","25","0.1727177538"
"2017","5","01/05/2017","31/05/2017","30","0.2179813356"
"2017","6","01/06/2017","30/06/2017","29","-0.0008073375"
"2017","7","03/07/2017","31/07/2017","28","0.1530694175"
"2017","8","01/08/2017","31/08/2017","30","0.064117125"
"2017","9","01/09/2017","29/09/2017","28","0.3810416125"
"2017","10","02/10/2017","31/10/2017","29","0.1943826395"
"2017","11","01/11/2017","30/11/2017","29","0.0180771216"
"2017","12","01/12/2017","29/12/2017","28","0.1195550239"
"2018","1","02/01/2018","31/01/2018","29","0.399053502"
"2018","2","01/02/2018","28/02/2018","27","-0.1617959827"
"2018","3","01/03/2018","30/03/2018","29","-0.0514333657"
"2018","4","02/04/2018","30/04/2018","28","0.1030264743"
"2018","5","01/05/2018","31/05/2018","30","-0.1220852053"
"2018","6","01/06/2018","29/06/2018","28","-0.1653814882"
"2018","7","02/07/2018","31/07/2018","29","0.345441543"
"2018","8","01/08/2018","31/08/2018","30","-0.0371743803"
"2018","9","03/09/2018","28/09/2018","25","-0.0353322648"
"2018","10","01/10/2018","31/10/2018","30","-0.3334790755"
"2018","11","01/11/2018","30/11/2018","29","0.2369680094"
"2018","12","03/12/2018","31/12/2018","28","-0.3065374243"
"2019","1","02/01/2019","31/01/2019","29","0.4434816455"
"2019","2","01/02/2019","28/02/2019","27","0.0577838309"
"2019","3","01/03/2019","29/03/2019","28","0.1771761332"
"2019","4","01/04/2019","30/04/2019","29","0.1074351126"
"2019","5","01/05/2019","31/05/2019","30","-0.0751506536"
"2019","6","03/06/2019","28/06/2019","25","0.3877596775"
"2019","7","01/07/2019","31/07/2019","30","0.0787875847"
"2019","8","01/08/2019","30/08/2019","29","0.0777055271"
"2019","9","02/09/2019","30/09/2019","28","0.0829820695"
"2019","10","01/10/2019","31/10/2019","30","0.164867233"
"2019","11","01/11/2019","29/11/2019","28","0.0166131568"
"2019","12","02/12/2019","31/12/2019","29","0.202652845"
"2020","1","02/01/2020","31/01/2020","29","0.0388741632"
"2020","2","03/02/2020","28/02/2020","25","-0.2599721448"
"2020","3","02/03/2020","31/03/2020","29","-0.7773644326"
"2020","4","01/04/2020","30/04/2020","29","0.6273211231"
"2020","5","01/05/2020","29/05/2020","28","0.7351759016"
"2020","6","01/06/2020","30/06/2020","29","0.4234393643"
"2020","7","01/07/2020","31/07/2020","30","0.468127887"
"2020","8","03/08/2020","31/08/2020","28","0.2505291857"
"2020","9","01/09/2020","30/09/2020","29","-0.0909781771"
"2020","10","01/10/2020","30/10/2020","29","-0.050587125"
"2020","11","02/11/2020","30/11/2020","28","1.1140947258"
"2020","12","01/12/2020","31/12/2020","30","0.4390167795"
"2021","1","04/01/2021","29/01/2021","25","0.0075963898"
"2021","2","01/02/2021","26/02/2021","25","0.0101986575"
"2021","3","01/03/2021","31/03/2021","30","-0.1911877409"
"2021","4","01/04/2021","30/04/2021","29","-0.0718935221"
"2021","5","03/05/2021","31/05/2021","28","0.6728250545"
"2021","6","01/06/2021","30/06/2021","29","-0.2200618936"
"2021","7","01/07/2021","30/07/2021","29","-0.0817253339"
"2021","8","02/08/2021","31/08/2021","29","0.2281703715"
"2021","9","01/09/2021","30/09/2021","29","-0.0373741626"
"2021","10","01/10/2021","29/10/2021","28","0.3682044527"
"2021","11","01/11/2021","30/11/2021","29","0.0202093336"
"2021","12","01/12/2021","31/12/2021","30","0.1182908868"
"2022","1","03/01/2022","31/01/2022","28","-0.2157732099"
"2022","2","01/02/2022","28/02/2022","27","-0.0468706145"
"2022","3","01/03/2022","31/03/2022","30","-0.0277697093"
"2022","4","01/04/2022","29/04/2022","28","-0.2747944475"
"2022","5","02/05/2022","31/05/2022","29","-0.208892101"
"2022","6","01/06/2022","30/06/2022","29","-0.2325564608"
"2022","7","01/07/2022","29/07/2022","28","0.1813046071"
"2022","8","01/08/2022","31/08/2022","30","-0.1562754282"
"2022","9","01/09/2022","30/09/2022","29","-0.0283264367"
"2022","10","03/10/2022","31/10/2022","28","0.2823997769"
"2022","11","01/11/2022","30/11/2022","29","0.3572222502"
"2022","12","01/12/2022","30/12/2022","29","-0.2280330974"
"2023","1","02/01/2023","31/01/2023","29","0.3772795431"
"2023","2","01/02/2023","28/02/2023","27","-0.2058409477"
"2023","3","01/03/2023","31/03/2023","30","0.1104361493"
"2023","4","03/04/2023","28/04/2023","25","-0.0421663089"
"2023","5","01/05/2023","31/05/2023","30","-0.01027397"
"2023","6","01/06/2023","30/06/2023","29","0.1376372051"
"2023","7","03/07/2023","31/07/2023","28","0.120680195"
"2023","8","01/08/2023","31/08/2023","30","0.0369109848"
"2023","9","01/09/2023","29/09/2023","28","-0.1189127644"
"2023","10","02/10/2023","31/10/2023","29","-0.1115587718"
"2023","11","01/11/2023","30/11/2023","29","0.1788786344"
"2023","12","01/12/2023","29/12/2023","28","0.5265652088"
"2024","1","02/01/2024","31/01/2024","29","0.240126976"
"2024","2","01/02/2024","29/02/2024","28","0.0738798565"
"2024","3","01/03/2024","29/03/2024","28","-0.1212089661"
"2024","4","01/04/2024","30/04/2024","29","-0.0877306274"
"2024","5","01/05/2024","31/05/2024","30","0.2642125923"
"2024","6","03/06/2024","28/06/2024","25","0.1084733352"
"2024","7","01/07/2024","31/07/2024","30","0.0069581343"
"2024","8","01/08/2024","30/08/2024","29","0.2255844919"
"2024","9","02/09/2024","30/09/2024","28","0.1710068487"
"2024","10","01/10/2024","31/10/2024","30","-0.1076274826"
"2024","11","01/11/2024","29/11/2024","28","0.1569566648"
"2024","12","02/12/2024","31/12/2024","29","-0.0731477879"
"2025","1","02/01/2025","31/01/2025","29","0.0199396211"
"2025","2","03/02/2025","28/02/2025","25","-0.1063487326"
"2025","3","03/03/2025","31/03/2025","28","-0.0304799313"
"2025","4","01/04/2025","30/04/2025","29","-0.098810891"
"2025","5","01/05/2025","30/05/2025","29","0.1535527457"
"2025","6","02/06/2025","30/06/2025","28","0.2598565909"
"2025","7","01/07/2025","31/07/2025","30","0.2021180945"
"2025","8","01/08/2025","29/08/2025","28","0.2376304428"
"2025","9","01/09/2025","30/09/2025","29","0.3313796765"
"2025","10","01/10/2025","31/10/2025","30","-0.1636435266"
"2025","11","03/11/2025","28/11/2025","25","0.0911387009"
"2025","12","01/12/2025","31/12/2025","30","0.5750314106"
"2026","1","02/01/2026","30/01/2026","28","1.3549457647"
"2026","2","02/02/2026","27/02/2026","25","0.463079036"
"2026","3","02/03/2026","31/03/2026","29","-0.4599189291"
"2026","4","01/04/2026","30/04/2026","29","0.470365905"
"2026","5","01/05/2026","29/05/2026","28","0.4494474839"
"2026","6","01/06/2026","30/06/2026","29","0.1277197243"
"2026","7","01/07/2026","31/07/2026","30","-0.2330297909"
"2026","8","03/08/2026","31/08/2026","28","0.3509045624"
"2026","9","01/09/2026","25/09/2026","24","0.3624064607"
