"periodo","fecha_inicio","fecha_fin","valor_inicio","valor_fin","dias","tea_anualizada"
"2013-06","03/06/2013","28/06/2013","10.0000000","10.0003251","25","0.0004747509"
"2013-07","01/07/2013","31/07/2013","10.0008344","10.0240492","30","0.0286112466"
"2013-08","01/08/2013","30/08/2013","10.0780974","9.9760624","29","-0.1202149277"
"2013-09","02/09/2013","30/09/2013","9.9725270","10.1995949","28","0.3410943525"
"2013-10","01/10/2013","31/10/2013","10.2124268","10.4275352","30","0.2886686983"
"2013-11","01/11/2013","29/11/2013","10.4210406","10.4148281","28","-0.0077434183"
"2013-12","02/12/2013","31/12/2013","10.3932304","10.5034178","29","0.1419469015"
"2014-01","02/01/2014","31/01/2014","10.4977981","10.3173418","29","-0.1960651436"
"2014-02","03/02/2014","28/02/2014","10.2334907","10.4747606","25","0.4052593340"
"2014-03","03/03/2014","31/03/2014","10.4426002","10.4995851","28","0.0735190065"
"2014-04","01/04/2014","30/04/2014","10.5221980","10.6781271","29","0.2033956678"
"2014-05","01/05/2014","30/05/2014","10.6806984","10.7517036","29","0.0869722768"
"2014-06","02/06/2014","30/06/2014","10.7733786","10.9397379","28","0.2211038824"
"2014-07","01/07/2014","31/07/2014","10.9655976","10.9618284","30","-0.0041740263"
"2014-08","01/08/2014","29/08/2014","10.9393772","11.1579629","28","0.2942166152"
"2014-09","01/09/2014","30/09/2014","11.1893325","11.0736273","29","-0.1226308146"
"2014-10","01/10/2014","31/10/2014","11.0436281","11.2317102","30","0.2280943878"
"2014-11","03/11/2014","28/11/2014","11.2345266","11.3003704","25","0.0890639180"
"2014-12","01/12/2014","31/12/2014","11.3086666","11.3481102","30","0.0432724828"
"2015-01","02/01/2015","30/01/2015","11.3357012","11.5692347","28","0.3045100743"
"2015-02","02/02/2015","27/02/2015","11.6235000","11.8632919","25","0.3473397706"
"2015-03","02/03/2015","31/03/2015","11.8838128","11.8186436","29","-0.0668702111"
"2015-04","01/04/2015","30/04/2015","11.8447191","12.0056994","29","0.1851931922"
"2015-05","01/05/2015","29/05/2015","12.0417530","12.1012727","28","0.0663844561"
"2015-06","01/06/2015","30/06/2015","12.1097491","11.9898617","29","-0.1177018702"
"2015-07","01/07/2015","31/07/2015","12.0001600","12.0442896","30","0.0456721123"
"2015-08","03/08/2015","31/08/2015","12.0461376","11.6103032","28","-0.3814524927"
"2015-09","01/09/2015","30/09/2015","11.5102071","11.3720111","29","-0.1410369465"
"2015-10","01/10/2015","30/10/2015","11.3999891","11.9601731","29","0.8289794058"
"2015-11","02/11/2015","30/11/2015","11.9969244","12.2575899","28","0.3233982142"
"2015-12","01/12/2015","31/12/2015","12.2853821","12.1459619","30","-0.1296522187"
"2016-01","04/01/2016","29/01/2016","12.1209995","11.9775625","25","-0.1595378088"
"2016-02","01/02/2016","29/02/2016","12.0257340","12.1811867","28","0.1822608169"
"2016-03","01/03/2016","31/03/2016","12.2603464","12.2321146","30","-0.0276586862"
"2016-04","01/04/2016","29/04/2016","12.2604170","12.4737131","28","0.2521147711"
"2016-05","02/05/2016","31/05/2016","12.5364972","12.7541457","29","0.2418924450"
"2016-06","01/06/2016","30/06/2016","12.7272258","12.6076262","29","-0.1120445019"
"2016-07","01/07/2016","29/07/2016","12.6732091","13.2176645","28","0.7303662655"
"2016-08","01/08/2016","31/08/2016","13.2257007","13.4434815","30","0.2198289604"
"2016-09","01/09/2016","30/09/2016","13.4247695","13.5107434","29","0.0836626425"
"2016-10","03/10/2016","31/10/2016","13.5225496","13.4670060","28","-0.0522402159"
"2016-11","01/11/2016","30/11/2016","13.4431822","13.3897558","29","-0.0488849421"
"2016-12","01/12/2016","30/12/2016","13.3688174","13.4370379","29","0.0661601555"
"2017-01","02/01/2017","31/01/2017","13.4586958","13.5031691","29","0.0423957375"
"2017-02","01/02/2017","28/02/2017","13.5163812","13.6465240","27","0.1383054762"
"2017-03","01/03/2017","31/03/2017","13.6787777","13.8269934","30","0.1401070824"
"2017-04","03/04/2017","28/04/2017","13.8228553","13.9762598","25","0.1748455254"
"2017-05","01/05/2017","31/05/2017","13.9903062","14.3010139","30","0.3063671232"
"2017-06","01/06/2017","30/06/2017","14.3283130","14.3304843","29","0.0019089780"
"2017-07","03/07/2017","31/07/2017","14.3466604","14.5105574","28","0.1596015649"
"2017-08","01/08/2017","31/08/2017","14.5316965","14.6335869","30","0.0887280439"
"2017-09","01/09/2017","29/09/2017","14.6558410","14.9989514","28","0.3521065776"
"2017-10","02/10/2017","31/10/2017","15.0517144","15.2609578","29","0.1897745079"
"2017-11","01/11/2017","30/11/2017","15.2747582","15.3499837","29","0.0637843846"
"2017-12","01/12/2017","29/12/2017","15.3517082","15.4568150","28","0.0930216371"
"2018-01","02/01/2018","31/01/2018","15.4897711","16.0119788","29","0.5178940545"
"2018-02","01/02/2018","28/02/2018","16.0303568","15.8736765","27","-0.1243419437"
"2018-03","01/03/2018","30/03/2018","15.8241318","15.7032317","29","-0.0920180872"
"2018-04","02/04/2018","30/04/2018","15.6515148","15.6695444","28","0.0151208946"
"2018-05","01/05/2018","31/05/2018","15.6482398","15.5142270","30","-0.0993558603"
"2018-06","01/06/2018","29/06/2018","15.5231800","15.4013323","28","-0.0976260607"
"2018-07","02/07/2018","31/07/2018","15.3877143","15.6469977","29","0.2340617769"
"2018-08","01/08/2018","31/08/2018","15.6403133","15.5963359","30","-0.0336782195"
"2018-09","03/09/2018","28/09/2018","15.6298932","15.5972916","25","-0.0300252153"
"2018-10","01/10/2018","31/10/2018","15.6058996","14.9937011","30","-0.3854689597"
"2018-11","01/11/2018","30/11/2018","15.0524388","15.2435578","29","0.1721029652"
"2018-12","03/12/2018","31/12/2018","15.2953309","14.9009668","28","-0.2885944429"
"2019-01","02/01/2019","31/01/2019","14.9282288","15.4303716","29","0.5164912477"
"2019-02","01/02/2019","28/02/2019","15.4925274","15.5970045","27","0.0951145155"
"2019-03","01/03/2019","29/03/2019","15.6413384","15.8334073","28","0.1724529783"
"2019-04","01/04/2019","30/04/2019","15.8951599","16.1605939","29","0.2317575538"
"2019-05","01/05/2019","31/05/2019","16.1368363","16.0481759","30","-0.0648342243"
"2019-06","03/06/2019","28/06/2019","15.9829343","16.4841287","25","0.5695618817"
"2019-07","01/07/2019","31/07/2019","16.5565036","16.6873530","30","0.1005143390"
"2019-08","01/08/2019","30/08/2019","16.6880831","16.7014993","29","0.0101658010"
"2019-09","02/09/2019","30/09/2019","16.7146272","16.8519069","28","0.1125191748"
"2019-10","01/10/2019","31/10/2019","16.8401248","17.0577177","30","0.1690596569"
"2019-11","01/11/2019","29/11/2019","17.0846022","17.1453233","28","0.0473347873"
"2019-12","02/12/2019","31/12/2019","17.0949313","17.3543103","29","0.2086867921"
"2020-01","02/01/2020","31/01/2020","17.4155022","17.6140893","29","0.1533918839"
"2020-02","03/02/2020","28/02/2020","17.5797589","17.2394097","25","-0.2483107237"
"2020-03","02/03/2020","31/03/2020","17.3258213","15.2876412","29","-0.7930347185"
"2020-04","01/04/2020","30/04/2020","15.1462520","15.8156089","29","0.7233689429"
"2020-05","01/05/2020","29/05/2020","15.7476718","16.6705536","28","1.1009756507"
"2020-06","01/06/2020","30/06/2020","16.6484557","17.2269368","29","0.5371106167"
"2020-07","01/07/2020","31/07/2020","17.2373972","17.9179841","30","0.6018151696"
"2020-08","03/08/2020","31/08/2020","17.9760346","18.2205666","28","0.1925959914"
"2020-09","01/09/2020","30/09/2020","18.2235911","18.1356754","29","-0.0590509811"
"2020-10","01/10/2020","30/10/2020","18.1943363","18.1530911","29","-0.0281602738"
"2020-11","02/11/2020","30/11/2020","18.1754324","19.3895885","28","1.3232338239"
"2020-12","01/12/2020","31/12/2020","19.4601395","20.1953554","30","0.5701851739"
"2021-01","04/01/2021","29/01/2021","20.2690046","20.4393314","25","0.1299526763"
"2021-02","01/02/2021","26/02/2021","20.6083281","20.6338285","25","0.0182185976"
"2021-03","01/03/2021","31/03/2021","20.7796551","20.1303119","30","-0.3204083147"
"2021-04","01/04/2021","30/04/2021","20.2296911","20.0659097","29","-0.0972537708"
"2021-05","03/05/2021","31/05/2021","20.0521253","20.5740858","28","0.3979136838"
"2021-06","01/06/2021","30/06/2021","20.6208509","20.2148564","29","-0.2214141520"
"2021-07","01/07/2021","30/07/2021","20.1449593","19.9312417","29","-0.1256200221"
"2021-08","02/08/2021","31/08/2021","19.8113785","19.9262329","29","0.0754686557"
"2021-09","01/09/2021","30/09/2021","19.8998389","19.8688049","29","-0.0194519590"
"2021-10","01/10/2021","29/10/2021","19.8855818","20.2529314","28","0.2694879476"
"2021-11","01/11/2021","30/11/2021","20.2813079","20.4446706","29","0.1062476232"
"2021-12","01/12/2021","31/12/2021","20.3574105","20.3934266","30","0.0217390334"
"2022-01","03/01/2022","31/01/2022","20.3685738","20.1737395","28","-0.1177611868"
"2022-02","01/02/2022","28/02/2022","20.2809098","20.3558773","27","0.0511433589"
"2022-03","01/03/2022","31/03/2022","20.4554371","20.6860654","30","0.1461489818"
"2022-04","01/04/2022","29/04/2022","20.6170758","20.1440331","28","-0.2610898356"
"2022-05","02/05/2022","31/05/2022","19.9582959","19.6619795","29","-0.1716054103"
"2022-06","01/06/2022","30/06/2022","19.7110843","18.7921739","29","-0.4516675197"
"2022-07","01/07/2022","29/07/2022","18.7978323","19.1094261","28","0.2390058350"
"2022-08","01/08/2022","31/08/2022","19.0828490","18.8479021","30","-0.1399158536"
"2022-09","01/09/2022","30/09/2022","18.6606832","18.7353701","29","0.0515592648"
"2022-10","03/10/2022","31/10/2022","18.8956423","19.3681623","28","0.3798470057"
"2022-11","01/11/2022","30/11/2022","19.4452650","19.6573080","29","0.1462603080"
"2022-12","01/12/2022","30/12/2022","19.6386142","19.2138306","29","-0.2406005306"
"2023-01","02/01/2023","31/01/2023","19.1965013","19.7094298","29","0.3935962173"
"2023-02","01/02/2023","28/02/2023","19.7760664","19.2929233","27","-0.2842097483"
"2023-03","01/03/2023","31/03/2023","19.3955241","19.6169814","30","0.1481264095"
"2023-04","03/04/2023","28/04/2023","19.6606708","19.4885586","25","-0.1204748481"
"2023-05","01/05/2023","31/05/2023","19.4768215","19.4147049","30","-0.0381191006"
"2023-06","01/06/2023","30/06/2023","19.5649372","19.9181186","29","0.2525440614"
"2023-07","03/07/2023","31/07/2023","20.0493454","20.3439024","28","0.2093975200"
"2023-08","01/08/2023","31/08/2023","20.3657385","20.4889873","30","0.0761695119"
"2023-09","01/09/2023","29/09/2023","20.4883368","20.2414731","28","-0.1461682083"
"2023-10","02/10/2023","31/10/2023","20.1864596","20.0102620","29","-0.1044713109"
"2023-11","01/11/2023","30/11/2023","20.0271714","20.4096193","29","0.2688179963"
"2023-12","01/12/2023","29/12/2023","20.5158686","21.4097070","28","0.7435405522"
"2024-01","02/01/2024","31/01/2024","21.3142671","21.7534218","29","0.2926420015"
"2024-02","01/02/2024","29/02/2024","21.8414121","21.9435963","28","0.0627340337"
"2024-03","01/03/2024","29/03/2024","21.9644016","21.7093068","28","-0.1412547423"
"2024-04","01/04/2024","30/04/2024","21.5553745","21.5510562","29","-0.0025185359"
"2024-05","01/05/2024","31/05/2024","21.5184927","21.9975920","30","0.3072342841"
"2024-06","03/06/2024","28/06/2024","22.0013379","22.1236336","25","0.0842952302"
"2024-07","01/07/2024","31/07/2024","22.0773979","21.9700051","30","-0.0576020810"
"2024-08","01/08/2024","30/08/2024","21.8661977","22.1401711","29","0.1696676033"
"2024-09","02/09/2024","30/09/2024","22.1865088","22.5160747","28","0.2119284084"
"2024-10","01/10/2024","31/10/2024","22.6105413","22.4662695","30","-0.0749254692"
"2024-11","01/11/2024","29/11/2024","22.4582478","22.6249177","28","0.1011829692"
"2024-12","02/12/2024","31/12/2024","22.6966342","22.5435922","29","-0.0816304753"
"2025-01","02/01/2025","31/01/2025","22.5572757","22.6283414","29","0.0403840855"
"2025-02","03/02/2025","28/02/2025","22.5136860","22.4502051","25","-0.0403869589"
"2025-03","03/03/2025","31/03/2025","22.3606537","22.3692844","28","0.0050431906"
"2025-04","01/04/2025","30/04/2025","22.3997684","22.4666469","29","0.0382352288"
"2025-05","01/05/2025","30/05/2025","22.3671780","22.7925037","29","0.2675518853"
"2025-06","02/06/2025","30/06/2025","22.9221027","23.3442758","28","0.2685875344"
"2025-07","01/07/2025","31/07/2025","23.4115691","23.6713468","30","0.1436893928"
"2025-08","01/08/2025","29/08/2025","23.6316743","24.0873460","28","0.2826973368"
"2025-09","01/09/2025","30/09/2025","24.1481988","24.5623885","29","0.2386821614"
"2025-10","01/10/2025","31/10/2025","24.6454511","24.4228376","30","-0.1045209621"
"2025-11","03/11/2025","28/11/2025","24.4445902","24.5900129","25","0.0904594890"
"2025-12","01/12/2025","31/12/2025","24.6529207","25.3156676","30","0.3809318259"
"2026-01","02/01/2026","30/01/2026","25.4923572","26.8819358","28","0.9974702074"
"2026-02","02/02/2026","27/02/2026","26.8886806","27.7440155","25","0.5796375924"
"2026-03","02/03/2026","31/03/2026","27.7398559","26.4392241","29","-0.4536028467"
"2026-04","01/04/2026","30/04/2026","26.6629819","27.6337258","29","0.5684581365"
"2026-05","01/05/2026","29/05/2026","27.6199190","28.6859518","28","0.6383120166"
"2026-06","01/06/2026","30/06/2026","28.7801746","29.2555856","29","0.2290103374"
"2026-07","01/07/2026","31/07/2026","29.0510536","28.5299172","30","-0.1976695891"
"2026-08","03/08/2026","31/08/2026","28.6155116","29.2247997","28","0.3160644470"
"2026-09","01/09/2026","25/09/2026","29.0509673","29.4166159","24","0.2095208937"
