"fecha","valor_cuota"
"03/06/2013","10.0000000"
"04/06/2013","10.0000000"
"05/06/2013","10.0000000"
"06/06/2013","10.0000000"
"07/06/2013","10.0000000"
"10/06/2013","10.0000000"
"11/06/2013","10.0000000"
"12/06/2013","10.0000000"
"13/06/2013","10.0000000"
"14/06/2013","10.0000000"
"17/06/2013","10.0000000"
"18/06/2013","10.0000000"
"19/06/2013","10.0000000"
"20/06/2013","10.0000000"
"21/06/2013","10.0000000"
"24/06/2013","10.0000000"
"25/06/2013","10.0000000"
"26/06/2013","10.0000000"
"27/06/2013","10.0000000"
"28/06/2013","10.0003251"
"01/07/2013","10.0008344"
"02/07/2013","10.0009049"
"03/07/2013","10.0009301"
"04/07/2013","10.0009393"
"05/07/2013","10.0009772"
"08/07/2013","10.0021480"
"09/07/2013","9.9938810"
"10/07/2013","9.9886991"
"11/07/2013","10.0089067"
"12/07/2013","9.9998939"
"15/07/2013","10.0039794"
"16/07/2013","9.9968876"
"17/07/2013","9.9946804"
"18/07/2013","10.0105344"
"19/07/2013","10.0043784"
"22/07/2013","10.0480801"
"23/07/2013","10.0655455"
"24/07/2013","10.0417798"
"25/07/2013","10.0384644"
"26/07/2013","10.0394292"
"29/07/2013","10.0260760"
"30/07/2013","10.0169010"
"31/07/2013","10.0240492"
"01/08/2013","10.0780974"
"02/08/2013","10.0791616"
"05/08/2013","10.0732004"
"06/08/2013","10.0616658"
"07/08/2013","10.0743705"
"08/08/2013","10.0947734"
"09/08/2013","10.0868935"
"12/08/2013","10.1491905"
"13/08/2013","10.1685915"
"14/08/2013","10.1716535"
"15/08/2013","10.1326481"
"16/08/2013","10.1151464"
"19/08/2013","10.1098851"
"20/08/2013","10.1221249"
"21/08/2013","10.0865762"
"22/08/2013","10.1075494"
"23/08/2013","10.0823611"
"26/08/2013","10.0753041"
"27/08/2013","10.0039101"
"28/08/2013","9.9577489"
"29/08/2013","9.9638897"
"30/08/2013","9.9760624"
"02/09/2013","9.9725270"
"03/09/2013","10.0048056"
"04/09/2013","10.0380889"
"05/09/2013","10.0466952"
"06/09/2013","10.0575508"
"09/09/2013","10.0765137"
"10/09/2013","10.1228098"
"11/09/2013","10.1025058"
"12/09/2013","10.0801877"
"13/09/2013","10.1034453"
"16/09/2013","10.1353695"
"17/09/2013","10.1170388"
"18/09/2013","10.1299889"
"19/09/2013","10.1956393"
"20/09/2013","10.2333821"
"23/09/2013","10.2217621"
"24/09/2013","10.2248741"
"25/09/2013","10.2229882"
"26/09/2013","10.2160120"
"27/09/2013","10.2065362"
"30/09/2013","10.1995949"
"01/10/2013","10.2124268"
"02/10/2013","10.2042744"
"03/10/2013","10.1681309"
"04/10/2013","10.1825438"
"07/10/2013","10.1677881"
"08/10/2013","10.1508647"
"09/10/2013","10.1599120"
"10/10/2013","10.2160377"
"11/10/2013","10.2496380"
"14/10/2013","10.2724519"
"15/10/2013","10.2708670"
"16/10/2013","10.2926400"
"17/10/2013","10.3463186"
"18/10/2013","10.3999617"
"21/10/2013","10.4274848"
"22/10/2013","10.4406541"
"23/10/2013","10.4525155"
"24/10/2013","10.4869476"
"25/10/2013","10.5116411"
"28/10/2013","10.5190494"
"29/10/2013","10.5235491"
"30/10/2013","10.4398653"
"31/10/2013","10.4275352"
"01/11/2013","10.4210406"
"04/11/2013","10.4241786"
"05/11/2013","10.4126293"
"06/11/2013","10.4089629"
"07/11/2013","10.3756479"
"08/11/2013","10.3433959"
"11/11/2013","10.3612382"
"12/11/2013","10.3608624"
"13/11/2013","10.3578993"
"14/11/2013","10.3746482"
"15/11/2013","10.3943302"
"18/11/2013","10.3857414"
"19/11/2013","10.3534540"
"20/11/2013","10.3508101"
"21/11/2013","10.3581048"
"22/11/2013","10.3744435"
"25/11/2013","10.3741168"
"26/11/2013","10.3875502"
"27/11/2013","10.4037026"
"28/11/2013","10.4011669"
"29/11/2013","10.4148281"
"02/12/2013","10.3932304"
"03/12/2013","10.3484647"
"04/12/2013","10.3192911"
"05/12/2013","10.3056544"
"06/12/2013","10.3284794"
"09/12/2013","10.3301164"
"10/12/2013","10.3500866"
"11/12/2013","10.3252894"
"12/12/2013","10.2896316"
"13/12/2013","10.2838338"
"16/12/2013","10.3194947"
"17/12/2013","10.3549091"
"18/12/2013","10.3976496"
"19/12/2013","10.3745272"
"20/12/2013","10.3665295"
"23/12/2013","10.4063301"
"24/12/2013","10.4309962"
"26/12/2013","10.4470602"
"27/12/2013","10.4588786"
"30/12/2013","10.4824858"
"31/12/2013","10.5034178"
"02/01/2014","10.4977981"
"03/01/2014","10.4913436"
"06/01/2014","10.4826180"
"07/01/2014","10.4939732"
"08/01/2014","10.5002302"
"09/01/2014","10.5000571"
"10/01/2014","10.5272463"
"13/01/2014","10.5140407"
"14/01/2014","10.5319350"
"15/01/2014","10.5496203"
"16/01/2014","10.5551436"
"17/01/2014","10.5535006"
"20/01/2014","10.5339725"
"21/01/2014","10.5517476"
"22/01/2014","10.5686996"
"23/01/2014","10.5472306"
"24/01/2014","10.4416921"
"27/01/2014","10.3809521"
"28/01/2014","10.3679833"
"29/01/2014","10.2983736"
"30/01/2014","10.3234395"
"31/01/2014","10.3173418"
"03/02/2014","10.2334907"
"04/02/2014","10.2189519"
"05/02/2014","10.2143413"
"06/02/2014","10.2569583"
"07/02/2014","10.2877694"
"10/02/2014","10.3001026"
"11/02/2014","10.3345500"
"12/02/2014","10.3524416"
"13/02/2014","10.3653681"
"14/02/2014","10.3885908"
"17/02/2014","10.3919324"
"18/02/2014","10.4012220"
"19/02/2014","10.3885001"
"20/02/2014","10.3875582"
"21/02/2014","10.3958387"
"24/02/2014","10.4139840"
"25/02/2014","10.4229064"
"26/02/2014","10.4271961"
"27/02/2014","10.4455576"
"28/02/2014","10.4747606"
"03/03/2014","10.4426002"
"04/03/2014","10.4639288"
"05/03/2014","10.4727348"
"06/03/2014","10.5089123"
"07/03/2014","10.4917655"
"10/03/2014","10.4764880"
"11/03/2014","10.4587491"
"12/03/2014","10.4612271"
"13/03/2014","10.4135732"
"14/03/2014","10.3986375"
"17/03/2014","10.4356708"
"18/03/2014","10.4658319"
"19/03/2014","10.4411707"
"20/03/2014","10.4323453"
"21/03/2014","10.4168993"
"24/03/2014","10.4085684"
"25/03/2014","10.4309291"
"26/03/2014","10.4183904"
"27/03/2014","10.4290321"
"28/03/2014","10.4605905"
"31/03/2014","10.4995851"
"01/04/2014","10.5221980"
"02/04/2014","10.5410320"
"03/04/2014","10.5423653"
"04/04/2014","10.5259926"
"07/04/2014","10.5010012"
"08/04/2014","10.5094035"
"09/04/2014","10.5490661"
"10/04/2014","10.5005040"
"11/04/2014","10.4794259"
"14/04/2014","10.4678481"
"15/04/2014","10.4839173"
"16/04/2014","10.4964645"
"17/04/2014","10.5199091"
"21/04/2014","10.5391310"
"22/04/2014","10.5719450"
"23/04/2014","10.5915380"
"24/04/2014","10.6228818"
"25/04/2014","10.6150920"
"28/04/2014","10.6269313"
"29/04/2014","10.6387047"
"30/04/2014","10.6781271"
"01/05/2014","10.6806984"
"02/05/2014","10.6885648"
"05/05/2014","10.6950423"
"06/05/2014","10.6824247"
"07/05/2014","10.7033954"
"08/05/2014","10.6908524"
"09/05/2014","10.7145043"
"12/05/2014","10.7401486"
"13/05/2014","10.7376429"
"14/05/2014","10.7291734"
"15/05/2014","10.7056432"
"16/05/2014","10.7100370"
"19/05/2014","10.7087743"
"20/05/2014","10.6982234"
"21/05/2014","10.7219728"
"22/05/2014","10.7387521"
"23/05/2014","10.7589775"
"26/05/2014","10.7633049"
"27/05/2014","10.7571587"
"28/05/2014","10.7355704"
"29/05/2014","10.7449605"
"30/05/2014","10.7517036"
"02/06/2014","10.7733786"
"03/06/2014","10.7787487"
"04/06/2014","10.7786126"
"05/06/2014","10.7994104"
"06/06/2014","10.8298577"
"09/06/2014","10.8513974"
"10/06/2014","10.8584235"
"11/06/2014","10.8633102"
"12/06/2014","10.8606255"
"13/06/2014","10.8632279"
"16/06/2014","10.8717767"
"17/06/2014","10.8864952"
"18/06/2014","10.8986953"
"19/06/2014","10.9340551"
"20/06/2014","10.9336218"
"23/06/2014","10.9265777"
"24/06/2014","10.9127398"
"25/06/2014","10.9231125"
"26/06/2014","10.9250196"
"27/06/2014","10.9200112"
"30/06/2014","10.9397379"
"01/07/2014","10.9655976"
"02/07/2014","10.9548770"
"03/07/2014","10.9655821"
"04/07/2014","10.9735744"
"07/07/2014","11.0013623"
"08/07/2014","10.9861008"
"09/07/2014","10.9931113"
"10/07/2014","10.9733517"
"11/07/2014","11.0003677"
"14/07/2014","11.0124028"
"15/07/2014","11.0186099"
"16/07/2014","11.0431784"
"17/07/2014","10.9995760"
"18/07/2014","11.0271928"
"21/07/2014","11.0212346"
"22/07/2014","11.0368517"
"23/07/2014","11.0381321"
"24/07/2014","11.0332521"
"25/07/2014","11.0181081"
"28/07/2014","11.0123651"
"29/07/2014","10.9964833"
"30/07/2014","11.0011635"
"31/07/2014","10.9618284"
"01/08/2014","10.9393772"
"04/08/2014","10.9692097"
"05/08/2014","10.9622115"
"06/08/2014","10.9468585"
"07/08/2014","10.9412458"
"08/08/2014","10.9087270"
"11/08/2014","10.9192621"
"12/08/2014","10.9297506"
"13/08/2014","10.9541657"
"14/08/2014","10.9751352"
"15/08/2014","11.0001650"
"18/08/2014","11.0517871"
"19/08/2014","11.0867681"
"20/08/2014","11.0945263"
"21/08/2014","11.0910731"
"22/08/2014","11.1078573"
"25/08/2014","11.1387159"
"26/08/2014","11.1516864"
"27/08/2014","11.1747354"
"28/08/2014","11.1552820"
"29/08/2014","11.1579629"
"01/09/2014","11.1893325"
"02/09/2014","11.1794080"
"03/09/2014","11.2016987"
"04/09/2014","11.1974910"
"05/09/2014","11.2106248"
"08/09/2014","11.2035357"
"09/09/2014","11.1809836"
"10/09/2014","11.1636919"
"11/09/2014","11.1699403"
"12/09/2014","11.1562268"
"15/09/2014","11.1398930"
"16/09/2014","11.1467308"
"17/09/2014","11.1461251"
"18/09/2014","11.1666958"
"19/09/2014","11.1843598"
"22/09/2014","11.1664289"
"23/09/2014","11.1352164"
"24/09/2014","11.1418769"
"25/09/2014","11.1045987"
"26/09/2014","11.1127615"
"29/09/2014","11.0971927"
"30/09/2014","11.0736273"
"01/10/2014","11.0436281"
"02/10/2014","11.0289517"
"03/10/2014","11.0534749"
"06/10/2014","11.0650267"
"07/10/2014","11.0346942"
"08/10/2014","11.0763320"
"09/10/2014","11.0262472"
"10/10/2014","10.9664794"
"13/10/2014","10.9502745"
"14/10/2014","10.9597331"
"15/10/2014","10.9573749"
"16/10/2014","10.9320218"
"17/10/2014","10.9802108"
"20/10/2014","11.0053336"
"21/10/2014","11.0476198"
"22/10/2014","11.0475680"
"23/10/2014","11.0692934"
"24/10/2014","11.1049712"
"27/10/2014","11.1131982"
"28/10/2014","11.1468659"
"29/10/2014","11.1520674"
"30/10/2014","11.1754812"
"31/10/2014","11.2317102"
"03/11/2014","11.2345266"
"04/11/2014","11.2045697"
"05/11/2014","11.1917854"
"06/11/2014","11.2017828"
"07/11/2014","11.2161873"
"10/11/2014","11.2273749"
"11/11/2014","11.2422365"
"12/11/2014","11.2401769"
"13/11/2014","11.2367879"
"14/11/2014","11.2434394"
"17/11/2014","11.2334649"
"18/11/2014","11.2461914"
"19/11/2014","11.2301913"
"20/11/2014","11.2240873"
"21/11/2014","11.2344021"
"24/11/2014","11.2562777"
"25/11/2014","11.2689433"
"26/11/2014","11.2820953"
"27/11/2014","11.2849711"
"28/11/2014","11.3003704"
"01/12/2014","11.3086666"
"02/12/2014","11.3299450"
"03/12/2014","11.3473064"
"04/12/2014","11.3540198"
"05/12/2014","11.3681942"
"08/12/2014","11.3374216"
"09/12/2014","11.3414781"
"10/12/2014","11.3043222"
"11/12/2014","11.3078922"
"12/12/2014","11.2242714"
"15/12/2014","11.1621654"
"16/12/2014","11.1180520"
"17/12/2014","11.1433682"
"18/12/2014","11.2007085"
"19/12/2014","11.2985720"
"22/12/2014","11.3337419"
"23/12/2014","11.3477183"
"24/12/2014","11.3448650"
"26/12/2014","11.3811141"
"29/12/2014","11.4026609"
"30/12/2014","11.4032508"
"31/12/2014","11.3481102"
"02/01/2015","11.3357012"
"05/01/2015","11.2943057"
"06/01/2015","11.2430162"
"07/01/2015","11.2862123"
"08/01/2015","11.3444169"
"09/01/2015","11.3394043"
"12/01/2015","11.3023013"
"13/01/2015","11.3126576"
"14/01/2015","11.2984205"
"15/01/2015","11.2952180"
"16/01/2015","11.3797375"
"19/01/2015","11.3784160"
"20/01/2015","11.3984408"
"21/01/2015","11.4125900"
"22/01/2015","11.4765751"
"23/01/2015","11.5205024"
"26/01/2015","11.5714030"
"27/01/2015","11.5407982"
"28/01/2015","11.5242789"
"29/01/2015","11.5780506"
"30/01/2015","11.5692347"
"02/02/2015","11.6235000"
"03/02/2015","11.6593566"
"04/02/2015","11.6768218"
"05/02/2015","11.7105371"
"06/02/2015","11.6888785"
"09/02/2015","11.6627538"
"10/02/2015","11.7306500"
"11/02/2015","11.7305876"
"12/02/2015","11.7387939"
"13/02/2015","11.8077324"
"16/02/2015","11.8290702"
"17/02/2015","11.8098110"
"18/02/2015","11.8119383"
"19/02/2015","11.8157061"
"20/02/2015","11.8341834"
"23/02/2015","11.8393975"
"24/02/2015","11.8567473"
"25/02/2015","11.8541974"
"26/02/2015","11.8586634"
"27/02/2015","11.8632919"
"02/03/2015","11.8838128"
"03/03/2015","11.8584074"
"04/03/2015","11.8462377"
"05/03/2015","11.8535520"
"06/03/2015","11.7907646"
"09/03/2015","11.7886888"
"10/03/2015","11.7266340"
"11/03/2015","11.7159212"
"12/03/2015","11.7680622"
"13/03/2015","11.7388704"
"16/03/2015","11.7581540"
"17/03/2015","11.7657512"
"18/03/2015","11.7866235"
"19/03/2015","11.8020988"
"20/03/2015","11.7918180"
"23/03/2015","11.7822614"
"24/03/2015","11.7537553"
"25/03/2015","11.7373310"
"26/03/2015","11.7228043"
"27/03/2015","11.7527089"
"30/03/2015","11.8213661"
"31/03/2015","11.8186436"
"01/04/2015","11.8447191"
"02/04/2015","11.8647209"
"06/04/2015","11.9146122"
"07/04/2015","11.9289917"
"08/04/2015","11.9603647"
"09/04/2015","12.0180101"
"10/04/2015","12.0427101"
"13/04/2015","12.0356217"
"14/04/2015","12.0394558"
"15/04/2015","12.0570185"
"16/04/2015","12.0456172"
"17/04/2015","11.9965989"
"20/04/2015","12.0245274"
"21/04/2015","12.0499746"
"22/04/2015","12.0649563"
"23/04/2015","12.0827203"
"24/04/2015","12.0953375"
"27/04/2015","12.0979294"
"28/04/2015","12.0824596"
"29/04/2015","12.0337166"
"30/04/2015","12.0056994"
"01/05/2015","12.0417530"
"04/05/2015","12.0980899"
"05/05/2015","12.0411980"
"06/05/2015","12.0047857"
"07/05/2015","12.0124994"
"08/05/2015","12.0738330"
"11/05/2015","12.0735975"
"12/05/2015","12.0559288"
"13/05/2015","12.0543117"
"14/05/2015","12.0835632"
"15/05/2015","12.0970288"
"18/05/2015","12.1236397"
"19/05/2015","12.1455587"
"20/05/2015","12.1298524"
"21/05/2015","12.1200649"
"22/05/2015","12.1321453"
"25/05/2015","12.1490394"
"26/05/2015","12.1094321"
"27/05/2015","12.1434667"
"28/05/2015","12.1299566"
"29/05/2015","12.1012727"
"01/06/2015","12.1097491"
"02/06/2015","12.0857816"
"03/06/2015","12.0641982"
"04/06/2015","12.0176797"
"05/06/2015","12.0194310"
"08/06/2015","11.9872973"
"09/06/2015","11.9499133"
"10/06/2015","11.9889958"
"11/06/2015","12.0137818"
"12/06/2015","12.0079417"
"15/06/2015","11.9856184"
"16/06/2015","11.9882863"
"17/06/2015","11.9954198"
"18/06/2015","12.0355178"
"19/06/2015","12.0398611"
"22/06/2015","12.0920353"
"23/06/2015","12.1336052"
"24/06/2015","12.0926536"
"25/06/2015","12.0735569"
"26/06/2015","12.0738742"
"29/06/2015","12.0704638"
"30/06/2015","11.9898617"
"01/07/2015","12.0001600"
"02/07/2015","11.9774950"
"03/07/2015","11.9827676"
"06/07/2015","11.9400249"
"07/07/2015","11.9562905"
"08/07/2015","11.8619492"
"09/07/2015","11.8896153"
"10/07/2015","11.9422491"
"13/07/2015","12.0019445"
"14/07/2015","12.0363793"
"15/07/2015","12.0444825"
"16/07/2015","12.0768786"
"17/07/2015","12.1000459"
"20/07/2015","12.0840241"
"21/07/2015","12.0735630"
"22/07/2015","12.0938770"
"23/07/2015","12.0629176"
"24/07/2015","12.0125215"
"27/07/2015","11.9739448"
"28/07/2015","12.0041631"
"29/07/2015","12.0350060"
"30/07/2015","12.0469766"
"31/07/2015","12.0442896"
"03/08/2015","12.0461376"
"04/08/2015","12.0351258"
"05/08/2015","12.0704894"
"06/08/2015","12.0535208"
"07/08/2015","12.0402183"
"10/08/2015","12.0814304"
"11/08/2015","12.0775396"
"12/08/2015","12.0546708"
"13/08/2015","12.0683655"
"14/08/2015","12.0433999"
"17/08/2015","12.0239929"
"18/08/2015","12.0003108"
"19/08/2015","11.9747635"
"20/08/2015","11.8699526"
"21/08/2015","11.7423036"
"24/08/2015","11.5191827"
"25/08/2015","11.5204688"
"26/08/2015","11.6619942"
"27/08/2015","11.7052733"
"28/08/2015","11.6197204"
"31/08/2015","11.6103032"
"01/09/2015","11.5102071"
"02/09/2015","11.5543039"
"03/09/2015","11.4386756"
"04/09/2015","11.4112248"
"07/09/2015","11.4289528"
"08/09/2015","11.4977086"
"09/09/2015","11.4918143"
"10/09/2015","11.4782219"
"11/09/2015","11.4590026"
"14/09/2015","11.4468199"
"15/09/2015","11.4721697"
"16/09/2015","11.4812584"
"17/09/2015","11.4545889"
"18/09/2015","11.4352641"
"21/09/2015","11.4535351"
"22/09/2015","11.4331096"
"23/09/2015","11.4298047"
"24/09/2015","11.3578139"
"25/09/2015","11.3890077"
"28/09/2015","11.3315724"
"29/09/2015","11.2995658"
"30/09/2015","11.3720111"
"01/10/2015","11.3999891"
"02/10/2015","11.4265975"
"05/10/2015","11.5014407"
"06/10/2015","11.5118410"
"07/10/2015","11.5508227"
"08/10/2015","11.5772007"
"09/10/2015","11.5990862"
"12/10/2015","11.6121169"
"13/10/2015","11.6068333"
"14/10/2015","11.5823146"
"15/10/2015","11.6394978"
"16/10/2015","11.6930088"
"19/10/2015","11.7087286"
"20/10/2015","11.7234705"
"21/10/2015","11.7346664"
"22/10/2015","11.8092882"
"23/10/2015","11.9003215"
"26/10/2015","11.9246235"
"27/10/2015","11.9278990"
"28/10/2015","11.9392796"
"29/10/2015","11.9650307"
"30/10/2015","11.9601731"
"02/11/2015","11.9969244"
"03/11/2015","12.0003769"
"04/11/2015","12.0367624"
"05/11/2015","12.0606817"
"06/11/2015","12.0869988"
"09/11/2015","12.0487059"
"10/11/2015","12.0584953"
"11/11/2015","12.0608266"
"12/11/2015","12.0518865"
"13/11/2015","12.0435542"
"16/11/2015","12.1048048"
"17/11/2015","12.1096706"
"18/11/2015","12.1885212"
"19/11/2015","12.1981155"
"20/11/2015","12.2358626"
"23/11/2015","12.2538475"
"24/11/2015","12.2566075"
"25/11/2015","12.2636024"
"26/11/2015","12.2602971"
"27/11/2015","12.2637383"
"30/11/2015","12.2575899"
"01/12/2015","12.2853821"
"02/12/2015","12.2504189"
"03/12/2015","12.1925333"
"04/12/2015","12.2235441"
"07/12/2015","12.2342881"
"08/12/2015","12.1871408"
"09/12/2015","12.1445741"
"10/12/2015","12.1374412"
"11/12/2015","12.0751892"
"14/12/2015","12.0395505"
"15/12/2015","12.0506209"
"16/12/2015","12.0993133"
"17/12/2015","12.1187204"
"18/12/2015","12.0521501"
"21/12/2015","12.0448519"
"22/12/2015","12.1048053"
"23/12/2015","12.1442574"
"24/12/2015","12.1376436"
"28/12/2015","12.1579276"
"29/12/2015","12.1936187"
"30/12/2015","12.1734030"
"31/12/2015","12.1459619"
"04/01/2016","12.1209995"
"05/01/2016","12.0966030"
"06/01/2016","12.0631922"
"07/01/2016","11.9886569"
"08/01/2016","11.9385728"
"11/01/2016","11.9216116"
"12/01/2016","11.9191041"
"13/01/2016","11.8825533"
"14/01/2016","11.8772613"
"15/01/2016","11.7969426"
"18/01/2016","11.7806277"
"19/01/2016","11.8023734"
"20/01/2016","11.7589001"
"21/01/2016","11.7470513"
"22/01/2016","11.8573636"
"25/01/2016","11.8780936"
"26/01/2016","11.8914167"
"27/01/2016","11.8903588"
"28/01/2016","11.8908987"
"29/01/2016","11.9775625"
"01/02/2016","12.0257340"
"02/02/2016","12.0032520"
"03/02/2016","11.9736015"
"04/02/2016","11.9516349"
"05/02/2016","11.9251693"
"08/02/2016","11.8798551"
"09/02/2016","11.8268294"
"10/02/2016","11.8184271"
"11/02/2016","11.7874971"
"12/02/2016","11.8003799"
"15/02/2016","11.8373874"
"16/02/2016","11.9342918"
"17/02/2016","11.9855444"
"18/02/2016","12.0285929"
"19/02/2016","12.0469588"
"22/02/2016","12.1114890"
"23/02/2016","12.1249944"
"24/02/2016","12.1138668"
"25/02/2016","12.1539816"
"26/02/2016","12.1839594"
"29/02/2016","12.1811867"
"01/03/2016","12.2603464"
"02/03/2016","12.2619846"
"03/03/2016","12.2272263"
"04/03/2016","12.2549683"
"07/03/2016","12.2603595"
"08/03/2016","12.2634322"
"09/03/2016","12.2165035"
"10/03/2016","12.1845022"
"11/03/2016","12.1170099"
"14/03/2016","12.0817591"
"15/03/2016","12.1128380"
"16/03/2016","12.1868587"
"17/03/2016","12.2327156"
"18/03/2016","12.3084177"
"21/03/2016","12.3885218"
"22/03/2016","12.3985306"
"23/03/2016","12.3125302"
"24/03/2016","12.2882607"
"25/03/2016","12.2890637"
"28/03/2016","12.2682203"
"29/03/2016","12.3222536"
"30/03/2016","12.3487915"
"31/03/2016","12.2321146"
"01/04/2016","12.2604170"
"04/04/2016","12.2464219"
"05/04/2016","12.2112436"
"06/04/2016","12.2601840"
"07/04/2016","12.2229395"
"08/04/2016","12.2059134"
"11/04/2016","12.1647109"
"12/04/2016","12.2160674"
"13/04/2016","12.3186764"
"14/04/2016","12.3691956"
"15/04/2016","12.3675830"
"18/04/2016","12.3869502"
"19/04/2016","12.4600355"
"20/04/2016","12.4711617"
"21/04/2016","12.4881448"
"22/04/2016","12.4712848"
"25/04/2016","12.4964743"
"26/04/2016","12.4783436"
"27/04/2016","12.5231753"
"28/04/2016","12.4750894"
"29/04/2016","12.4737131"
"02/05/2016","12.5364972"
"03/05/2016","12.5503152"
"04/05/2016","12.5001200"
"05/05/2016","12.4943228"
"06/05/2016","12.4799194"
"09/05/2016","12.5347558"
"10/05/2016","12.6057273"
"11/05/2016","12.5966645"
"12/05/2016","12.5825960"
"13/05/2016","12.5986917"
"16/05/2016","12.6302179"
"17/05/2016","12.5700544"
"18/05/2016","12.5894703"
"19/05/2016","12.5357627"
"20/05/2016","12.5401025"
"23/05/2016","12.5564573"
"24/05/2016","12.5923987"
"25/05/2016","12.6031826"
"26/05/2016","12.6254785"
"27/05/2016","12.6733759"
"30/05/2016","12.7228358"
"31/05/2016","12.7541457"
"01/06/2016","12.7272258"
"02/06/2016","12.7706183"
"03/06/2016","12.7236590"
"06/06/2016","12.7000585"
"07/06/2016","12.7279200"
"08/06/2016","12.7468050"
"09/06/2016","12.7466325"
"10/06/2016","12.7205873"
"13/06/2016","12.6419599"
"14/06/2016","12.6233558"
"15/06/2016","12.5564025"
"16/06/2016","12.6008989"
"17/06/2016","12.5772887"
"20/06/2016","12.5598711"
"21/06/2016","12.5931453"
"22/06/2016","12.5851393"
"23/06/2016","12.6522805"
"24/06/2016","12.5209154"
"27/06/2016","12.4609283"
"28/06/2016","12.4474276"
"29/06/2016","12.5533073"
"30/06/2016","12.6076262"
"01/07/2016","12.6732091"
"04/07/2016","12.6857255"
"05/07/2016","12.6734876"
"06/07/2016","12.6635129"
"07/07/2016","12.6611336"
"08/07/2016","12.7366593"
"11/07/2016","12.8120710"
"12/07/2016","12.8890240"
"13/07/2016","12.9134164"
"14/07/2016","12.9361769"
"15/07/2016","12.9451773"
"18/07/2016","12.9677407"
"19/07/2016","13.0125456"
"20/07/2016","13.0754824"
"21/07/2016","13.0997245"
"22/07/2016","13.0991378"
"25/07/2016","13.2101402"
"26/07/2016","13.1727469"
"27/07/2016","13.2039406"
"28/07/2016","13.2074901"
"29/07/2016","13.2176645"
"01/08/2016","13.2257007"
"02/08/2016","13.2071309"
"03/08/2016","13.1996509"
"04/08/2016","13.1870699"
"05/08/2016","13.2213935"
"08/08/2016","13.2009282"
"09/08/2016","13.2129370"
"10/08/2016","13.2297409"
"11/08/2016","13.2548187"
"12/08/2016","13.3016526"
"15/08/2016","13.3051639"
"16/08/2016","13.2970512"
"17/08/2016","13.3034844"
"18/08/2016","13.3003517"
"19/08/2016","13.3370195"
"22/08/2016","13.3913037"
"23/08/2016","13.4351943"
"24/08/2016","13.4111232"
"25/08/2016","13.3778479"
"26/08/2016","13.3828834"
"29/08/2016","13.4346644"
"30/08/2016","13.4436319"
"31/08/2016","13.4434815"
"01/09/2016","13.4247695"
"02/09/2016","13.4473764"
"05/09/2016","13.4904384"
"06/09/2016","13.4473244"
"07/09/2016","13.4874096"
"08/09/2016","13.5120477"
"09/09/2016","13.4698571"
"12/09/2016","13.4482268"
"13/09/2016","13.4132361"
"14/09/2016","13.3431695"
"15/09/2016","13.3368241"
"16/09/2016","13.3269071"
"19/09/2016","13.3298162"
"20/09/2016","13.3518573"
"21/09/2016","13.3696752"
"22/09/2016","13.3994058"
"23/09/2016","13.4143544"
"26/09/2016","13.3846632"
"27/09/2016","13.3798149"
"28/09/2016","13.4477538"
"29/09/2016","13.5243830"
"30/09/2016","13.5107434"
"03/10/2016","13.5225496"
"04/10/2016","13.5522639"
"05/10/2016","13.5662923"
"06/10/2016","13.5893457"
"07/10/2016","13.5654703"
"10/10/2016","13.5601085"
"11/10/2016","13.5495468"
"12/10/2016","13.5446064"
"13/10/2016","13.5361449"
"14/10/2016","13.5417646"
"17/10/2016","13.5156968"
"18/10/2016","13.5046426"
"19/10/2016","13.5277796"
"20/10/2016","13.5319367"
"21/10/2016","13.4923785"
"24/10/2016","13.5157060"
"25/10/2016","13.4876524"
"26/10/2016","13.5050204"
"27/10/2016","13.4683315"
"28/10/2016","13.4584904"
"31/10/2016","13.4670060"
"01/11/2016","13.4431822"
"02/11/2016","13.4646693"
"03/11/2016","13.4115669"
"04/11/2016","13.4133270"
"07/11/2016","13.4356297"
"08/11/2016","13.4548806"
"09/11/2016","13.4553337"
"10/11/2016","13.4433225"
"11/11/2016","13.3827839"
"14/11/2016","13.3532520"
"15/11/2016","13.3209570"
"16/11/2016","13.3123467"
"17/11/2016","13.3200016"
"18/11/2016","13.3086263"
"21/11/2016","13.3538201"
"22/11/2016","13.3710446"
"23/11/2016","13.3741030"
"24/11/2016","13.3641859"
"25/11/2016","13.3975351"
"28/11/2016","13.3865332"
"29/11/2016","13.3800911"
"30/11/2016","13.3897558"
"01/12/2016","13.3688174"
"02/12/2016","13.3650803"
"05/12/2016","13.3932691"
"06/12/2016","13.4196290"
"07/12/2016","13.4499763"
"08/12/2016","13.4856167"
"09/12/2016","13.5179056"
"12/12/2016","13.5027014"
"13/12/2016","13.5053453"
"14/12/2016","13.4905826"
"15/12/2016","13.5127480"
"16/12/2016","13.5144784"
"19/12/2016","13.5286053"
"20/12/2016","13.5403236"
"21/12/2016","13.5508853"
"22/12/2016","13.5450120"
"23/12/2016","13.5141925"
"26/12/2016","13.5446273"
"27/12/2016","13.5180739"
"28/12/2016","13.4556855"
"29/12/2016","13.4432264"
"30/12/2016","13.4370379"
"02/01/2017","13.4586958"
"03/01/2017","13.5639694"
"04/01/2017","13.5751688"
"05/01/2017","13.5535832"
"06/01/2017","13.6098869"
"09/01/2017","13.6322805"
"10/01/2017","13.6404578"
"11/01/2017","13.6436426"
"12/01/2017","13.6153223"
"13/01/2017","13.6357218"
"16/01/2017","13.6503653"
"17/01/2017","13.5875408"
"18/01/2017","13.5679524"
"19/01/2017","13.5147380"
"20/01/2017","13.4749794"
"23/01/2017","13.4524682"
"24/01/2017","13.4868463"
"25/01/2017","13.5453907"
"26/01/2017","13.5920145"
"27/01/2017","13.5715597"
"30/01/2017","13.5295466"
"31/01/2017","13.5031691"
"01/02/2017","13.5163812"
"02/02/2017","13.4972714"
"03/02/2017","13.5427494"
"06/02/2017","13.5889639"
"07/02/2017","13.5945941"
"08/02/2017","13.5750658"
"09/02/2017","13.5664752"
"10/02/2017","13.5486634"
"13/02/2017","13.5911163"
"14/02/2017","13.6053079"
"15/02/2017","13.5915276"
"16/02/2017","13.5764198"
"17/02/2017","13.6153006"
"20/02/2017","13.6090926"
"21/02/2017","13.6058744"
"22/02/2017","13.6203207"
"23/02/2017","13.6222702"
"24/02/2017","13.6283106"
"27/02/2017","13.6202155"
"28/02/2017","13.6465240"
"01/03/2017","13.6787777"
"02/03/2017","13.7242446"
"03/03/2017","13.7202173"
"06/03/2017","13.7257178"
"07/03/2017","13.6884472"
"08/03/2017","13.7135697"
"09/03/2017","13.6644754"
"10/03/2017","13.6807805"
"13/03/2017","13.6852194"
"14/03/2017","13.6701797"
"15/03/2017","13.6680502"
"16/03/2017","13.7231036"
"17/03/2017","13.7470835"
"20/03/2017","13.7369407"
"21/03/2017","13.7254174"
"22/03/2017","13.6687267"
"23/03/2017","13.6893892"
"24/03/2017","13.7092782"
"27/03/2017","13.7256570"
"28/03/2017","13.7553896"
"29/03/2017","13.7938196"
"30/03/2017","13.7878405"
"31/03/2017","13.8269934"
"03/04/2017","13.8228553"
"04/04/2017","13.8393931"
"05/04/2017","13.8336385"
"06/04/2017","13.8398974"
"07/04/2017","13.8590578"
"10/04/2017","13.8347292"
"11/04/2017","13.8430478"
"12/04/2017","13.8346412"
"13/04/2017","13.8174590"
"14/04/2017","13.8175972"
"17/04/2017","13.8191774"
"18/04/2017","13.8011660"
"19/04/2017","13.7925275"
"20/04/2017","13.8187258"
"21/04/2017","13.8119497"
"24/04/2017","13.8844582"
"25/04/2017","13.9415904"
"26/04/2017","13.9715218"
"27/04/2017","13.9774808"
"28/04/2017","13.9762598"
"01/05/2017","13.9903062"
"02/05/2017","14.0577484"
"03/05/2017","14.1220048"
"04/05/2017","14.1964273"
"05/05/2017","14.1724182"
"08/05/2017","14.2213453"
"09/05/2017","14.2416048"
"10/05/2017","14.2669076"
"11/05/2017","14.2614190"
"12/05/2017","14.2336572"
"15/05/2017","14.2356660"
"16/05/2017","14.2684685"
"17/05/2017","14.2449064"
"18/05/2017","14.2004476"
"19/05/2017","14.1868970"
"22/05/2017","14.2236268"
"23/05/2017","14.2627774"
"24/05/2017","14.2329542"
"25/05/2017","14.2592998"
"26/05/2017","14.2795269"
"29/05/2017","14.3183243"
"30/05/2017","14.3233612"
"31/05/2017","14.3010139"
"01/06/2017","14.3283130"
"02/06/2017","14.3864523"
"05/06/2017","14.3709694"
"06/06/2017","14.3705322"
"07/06/2017","14.3713568"
"08/06/2017","14.3785355"
"09/06/2017","14.3800071"
"12/06/2017","14.3941507"
"13/06/2017","14.3665293"
"14/06/2017","14.3740655"
"15/06/2017","14.3691674"
"16/06/2017","14.3509498"
"19/06/2017","14.3629217"
"20/06/2017","14.3716448"
"21/06/2017","14.3629578"
"22/06/2017","14.3389924"
"23/06/2017","14.3362272"
"26/06/2017","14.3492223"
"27/06/2017","14.3806284"
"28/06/2017","14.3461428"
"29/06/2017","14.3106349"
"30/06/2017","14.3304843"
"03/07/2017","14.3466604"
"04/07/2017","14.3331597"
"05/07/2017","14.3272597"
"06/07/2017","14.2912411"
"07/07/2017","14.2485677"
"10/07/2017","14.2656587"
"11/07/2017","14.2952217"
"12/07/2017","14.3292005"
"13/07/2017","14.3441314"
"14/07/2017","14.3748447"
"17/07/2017","14.3986560"
"18/07/2017","14.3981587"
"19/07/2017","14.4100250"
"20/07/2017","14.4582964"
"21/07/2017","14.4820848"
"24/07/2017","14.4652542"
"25/07/2017","14.4892933"
"26/07/2017","14.4928070"
"27/07/2017","14.4882621"
"28/07/2017","14.4786081"
"31/07/2017","14.5105574"
"01/08/2017","14.5316965"
"02/08/2017","14.5600547"
"03/08/2017","14.5569220"
"04/08/2017","14.5709597"
"07/08/2017","14.5787221"
"08/08/2017","14.5844900"
"09/08/2017","14.5707071"
"10/08/2017","14.5292712"
"11/08/2017","14.4790697"
"14/08/2017","14.4872588"
"15/08/2017","14.5002667"
"16/08/2017","14.5278978"
"17/08/2017","14.5307629"
"18/08/2017","14.5242078"
"21/08/2017","14.5179532"
"22/08/2017","14.5412599"
"23/08/2017","14.5609457"
"24/08/2017","14.5642835"
"25/08/2017","14.5849100"
"28/08/2017","14.5987492"
"29/08/2017","14.5874355"
"30/08/2017","14.6044494"
"31/08/2017","14.6335869"
"01/09/2017","14.6558410"
"04/09/2017","14.6588672"
"05/09/2017","14.6494208"
"06/09/2017","14.6565255"
"07/09/2017","14.6803804"
"08/09/2017","14.6903822"
"11/09/2017","14.7344962"
"12/09/2017","14.7835411"
"13/09/2017","14.8113031"
"14/09/2017","14.8068048"
"15/09/2017","14.8460251"
"18/09/2017","14.8735000"
"19/09/2017","14.9080508"
"20/09/2017","14.9254938"
"21/09/2017","14.9436443"
"22/09/2017","14.9412595"
"25/09/2017","14.9644929"
"26/09/2017","14.9524464"
"27/09/2017","14.9578613"
"28/09/2017","14.9629509"
"29/09/2017","14.9989514"
"02/10/2017","15.0517144"
"03/10/2017","15.0666554"
"04/10/2017","15.0944671"
"05/10/2017","15.1518894"
"06/10/2017","15.1635513"
"09/10/2017","15.1861882"
"10/10/2017","15.1891235"
"11/10/2017","15.1948671"
"12/10/2017","15.2081347"
"13/10/2017","15.2134781"
"16/10/2017","15.2226104"
"17/10/2017","15.2093639"
"18/10/2017","15.1832699"
"19/10/2017","15.1816296"
"20/10/2017","15.2009160"
"23/10/2017","15.2353212"
"24/10/2017","15.2041819"
"25/10/2017","15.2087043"
"26/10/2017","15.2295196"
"27/10/2017","15.2527989"
"30/10/2017","15.2565904"
"31/10/2017","15.2609578"
"01/11/2017","15.2747582"
"02/11/2017","15.3082029"
"03/11/2017","15.3238600"
"06/11/2017","15.3290009"
"07/11/2017","15.3507993"
"08/11/2017","15.3519407"
"09/11/2017","15.3106074"
"10/11/2017","15.2897314"
"13/11/2017","15.2512986"
"14/11/2017","15.2224915"
"15/11/2017","15.1923249"
"16/11/2017","15.1788248"
"17/11/2017","15.2055691"
"20/11/2017","15.2083780"
"21/11/2017","15.2529242"
"22/11/2017","15.3007631"
"23/11/2017","15.3111669"
"24/11/2017","15.3400475"
"27/11/2017","15.3339976"
"28/11/2017","15.3373386"
"29/11/2017","15.3516384"
"30/11/2017","15.3499837"
"01/12/2017","15.3517082"
"04/12/2017","15.3211344"
"05/12/2017","15.3075850"
"06/12/2017","15.2685378"
"07/12/2017","15.2574196"
"08/12/2017","15.3080113"
"11/12/2017","15.3227355"
"12/12/2017","15.3236554"
"13/12/2017","15.3135277"
"14/12/2017","15.2657344"
"15/12/2017","15.3242121"
"18/12/2017","15.3258676"
"19/12/2017","15.3809422"
"20/12/2017","15.3662411"
"21/12/2017","15.3679725"
"22/12/2017","15.3654251"
"26/12/2017","15.3769837"
"27/12/2017","15.3998210"
"28/12/2017","15.4359964"
"29/12/2017","15.4568150"
"02/01/2018","15.4897711"
"03/01/2018","15.5156888"
"04/01/2018","15.6018310"
"05/01/2018","15.6848726"
"08/01/2018","15.6952444"
"09/01/2018","15.7085720"
"10/01/2018","15.7156559"
"11/01/2018","15.7434089"
"12/01/2018","15.8318382"
"15/01/2018","15.8682030"
"16/01/2018","15.8992406"
"17/01/2018","15.8876601"
"18/01/2018","15.9253393"
"19/01/2018","15.9560226"
"22/01/2018","15.9662117"
"23/01/2018","16.0235329"
"24/01/2018","16.0524511"
"25/01/2018","16.0493513"
"26/01/2018","16.0696301"
"29/01/2018","16.0774872"
"30/01/2018","16.0355554"
"31/01/2018","16.0119788"
"01/02/2018","16.0303568"
"02/02/2018","15.9645647"
"05/02/2018","15.8671449"
"06/02/2018","15.7709594"
"07/02/2018","15.7620850"
"08/02/2018","15.7213163"
"09/02/2018","15.6497051"
"12/02/2018","15.6655059"
"13/02/2018","15.7103717"
"14/02/2018","15.7017034"
"15/02/2018","15.7596655"
"16/02/2018","15.8006250"
"19/02/2018","15.7961517"
"20/02/2018","15.8052952"
"21/02/2018","15.8135172"
"22/02/2018","15.7990241"
"23/02/2018","15.8243995"
"26/02/2018","15.8594398"
"27/02/2018","15.8685577"
"28/02/2018","15.8736765"
"01/03/2018","15.8241318"
"02/03/2018","15.7845994"
"05/03/2018","15.7645460"
"06/03/2018","15.8316117"
"07/03/2018","15.8550385"
"08/03/2018","15.8717877"
"09/03/2018","15.9218909"
"12/03/2018","15.9486672"
"13/03/2018","15.9507178"
"14/03/2018","15.9199710"
"15/03/2018","15.9081949"
"16/03/2018","15.9079135"
"19/03/2018","15.8713735"
"20/03/2018","15.8228922"
"21/03/2018","15.8031380"
"22/03/2018","15.7714576"
"23/03/2018","15.6135778"
"26/03/2018","15.6210291"
"27/03/2018","15.6719499"
"28/03/2018","15.6529095"
"29/03/2018","15.6975105"
"30/03/2018","15.7032317"
"02/04/2018","15.6515148"
"03/04/2018","15.6564161"
"04/04/2018","15.6451724"
"05/04/2018","15.6759299"
"06/04/2018","15.6984888"
"09/04/2018","15.6694249"
"10/04/2018","15.6897861"
"11/04/2018","15.6805467"
"12/04/2018","15.6473417"
"13/04/2018","15.6637848"
"16/04/2018","15.6572774"
"17/04/2018","15.6591152"
"18/04/2018","15.6711642"
"19/04/2018","15.7069673"
"20/04/2018","15.6912696"
"23/04/2018","15.6809575"
"24/04/2018","15.6333189"
"25/04/2018","15.5801503"
"26/04/2018","15.5761372"
"27/04/2018","15.6140011"
"30/04/2018","15.6695444"
"01/05/2018","15.6482398"
"02/05/2018","15.6746597"
"03/05/2018","15.6571758"
"04/05/2018","15.6528871"
"07/05/2018","15.6715840"
"08/05/2018","15.6622045"
"09/05/2018","15.6881552"
"10/05/2018","15.7001404"
"11/05/2018","15.7094712"
"14/05/2018","15.7353350"
"15/05/2018","15.7293008"
"16/05/2018","15.6619821"
"17/05/2018","15.6443078"
"18/05/2018","15.6501000"
"21/05/2018","15.6126851"
"22/05/2018","15.6016853"
"23/05/2018","15.5661810"
"24/05/2018","15.5722732"
"25/05/2018","15.5604317"
"28/05/2018","15.5767651"
"29/05/2018","15.5145059"
"30/05/2018","15.4960808"
"31/05/2018","15.5142270"
"01/06/2018","15.5231800"
"04/06/2018","15.5744099"
"05/06/2018","15.5960548"
"06/06/2018","15.6139809"
"07/06/2018","15.6246923"
"08/06/2018","15.5951481"
"11/06/2018","15.6176498"
"12/06/2018","15.6331781"
"13/06/2018","15.6416622"
"14/06/2018","15.6107400"
"15/06/2018","15.5830611"
"18/06/2018","15.5349735"
"19/06/2018","15.5096632"
"20/06/2018","15.4873154"
"21/06/2018","15.4761737"
"22/06/2018","15.4667377"
"25/06/2018","15.4498726"
"26/06/2018","15.3916141"
"27/06/2018","15.3962235"
"28/06/2018","15.3808098"
"29/06/2018","15.4013323"
"02/07/2018","15.3877143"
"03/07/2018","15.3944767"
"04/07/2018","15.4023490"
"05/07/2018","15.3880582"
"06/07/2018","15.4218052"
"09/07/2018","15.4852811"
"10/07/2018","15.5200432"
"11/07/2018","15.5012022"
"12/07/2018","15.4737191"
"13/07/2018","15.5080306"
"16/07/2018","15.5017516"
"17/07/2018","15.5365311"
"18/07/2018","15.5512191"
"19/07/2018","15.5498924"
"20/07/2018","15.5499622"
"23/07/2018","15.5710393"
"24/07/2018","15.6064117"
"25/07/2018","15.6348051"
"26/07/2018","15.6534060"
"27/07/2018","15.6682229"
"30/07/2018","15.6491249"
"31/07/2018","15.6469977"
"01/08/2018","15.6403133"
"02/08/2018","15.6248369"
"03/08/2018","15.6288462"
"06/08/2018","15.6235764"
"07/08/2018","15.6498864"
"08/08/2018","15.6476253"
"09/08/2018","15.6303681"
"10/08/2018","15.5861092"
"13/08/2018","15.5271187"
"14/08/2018","15.5534726"
"15/08/2018","15.5261543"
"16/08/2018","15.5107438"
"17/08/2018","15.4945938"
"20/08/2018","15.5007634"
"21/08/2018","15.5058134"
"22/08/2018","15.5255520"
"23/08/2018","15.5693808"
"24/08/2018","15.5823667"
"27/08/2018","15.6259355"
"28/08/2018","15.6565971"
"29/08/2018","15.6613780"
"30/08/2018","15.6107726"
"31/08/2018","15.5963359"
"03/09/2018","15.6298932"
"04/09/2018","15.6222463"
"05/09/2018","15.5635323"
"06/09/2018","15.5352896"
"07/09/2018","15.5039967"
"10/09/2018","15.5226826"
"11/09/2018","15.5276842"
"12/09/2018","15.5209388"
"13/09/2018","15.5052911"
"14/09/2018","15.5241316"
"17/09/2018","15.5217019"
"18/09/2018","15.5242688"
"19/09/2018","15.5643539"
"20/09/2018","15.6030509"
"21/09/2018","15.6321236"
"24/09/2018","15.6195674"
"25/09/2018","15.6127767"
"26/09/2018","15.6186356"
"27/09/2018","15.6013746"
"28/09/2018","15.5972916"
"01/10/2018","15.6058996"
"02/10/2018","15.6041618"
"03/10/2018","15.5856012"
"04/10/2018","15.5293250"
"05/10/2018","15.4647504"
"08/10/2018","15.4338394"
"09/10/2018","15.4220738"
"10/10/2018","15.3286726"
"11/10/2018","15.1963822"
"12/10/2018","15.2013708"
"15/10/2018","15.2074774"
"16/10/2018","15.2775015"
"17/10/2018","15.3252064"
"18/10/2018","15.2368359"
"19/10/2018","15.2009753"
"22/10/2018","15.1791072"
"23/10/2018","15.1220153"
"24/10/2018","14.9863738"
"25/10/2018","15.0075194"
"26/10/2018","14.9889276"
"29/10/2018","14.9338859"
"30/10/2018","14.9228731"
"31/10/2018","14.9937011"
"01/11/2018","15.0524388"
"02/11/2018","15.1113371"
"05/11/2018","15.1415784"
"06/11/2018","15.1732465"
"07/11/2018","15.2229998"
"08/11/2018","15.2182393"
"09/11/2018","15.1676338"
"12/11/2018","15.0814763"
"13/11/2018","15.0475924"
"14/11/2018","15.0512939"
"15/11/2018","15.0991772"
"16/11/2018","15.1255183"
"19/11/2018","15.0962070"
"20/11/2018","14.9988403"
"21/11/2018","15.0016551"
"22/11/2018","15.0312369"
"23/11/2018","15.0213807"
"26/11/2018","15.0517809"
"27/11/2018","15.0987362"
"28/11/2018","15.1738685"
"29/11/2018","15.2025583"
"30/11/2018","15.2435578"
"03/12/2018","15.2953309"
"04/12/2018","15.2468925"
"05/12/2018","15.1927810"
"06/12/2018","15.1205260"
"07/12/2018","15.0331455"
"10/12/2018","14.9653662"
"11/12/2018","14.9253449"
"12/12/2018","14.9788293"
"13/12/2018","14.9823392"
"14/12/2018","14.9127714"
"17/12/2018","14.8604658"
"18/12/2018","14.8537565"
"19/12/2018","14.8102082"
"20/12/2018","14.8095402"
"21/12/2018","14.7598791"
"24/12/2018","14.6947064"
"26/12/2018","14.7932701"
"27/12/2018","14.8287535"
"28/12/2018","14.8853689"
"31/12/2018","14.9009668"
"02/01/2019","14.9282288"
"03/01/2019","14.8744760"
"04/01/2019","14.8990706"
"07/01/2019","14.9983142"
"08/01/2019","15.0181653"
"09/01/2019","15.1144353"
"10/01/2019","15.1667467"
"11/01/2019","15.1690499"
"14/01/2019","15.1385336"
"15/01/2019","15.1336491"
"16/01/2019","15.1618247"
"17/01/2019","15.1849893"
"18/01/2019","15.2159229"
"21/01/2019","15.2528843"
"22/01/2019","15.2217889"
"23/01/2019","15.2272067"
"24/01/2019","15.2767283"
"25/01/2019","15.3344631"
"28/01/2019","15.3599153"
"29/01/2019","15.3510215"
"30/01/2019","15.3922019"
"31/01/2019","15.4303716"
"01/02/2019","15.4925274"
"04/02/2019","15.5211690"
"05/02/2019","15.5520747"
"06/02/2019","15.5370735"
"07/02/2019","15.4902463"
"08/02/2019","15.4380854"
"11/02/2019","15.4394422"
"12/02/2019","15.4869686"
"13/02/2019","15.5274929"
"14/02/2019","15.5440408"
"15/02/2019","15.5493971"
"18/02/2019","15.5660934"
"19/02/2019","15.5879995"
"20/02/2019","15.6119238"
"21/02/2019","15.5810828"
"22/02/2019","15.5938479"
"25/02/2019","15.6279960"
"26/02/2019","15.6330480"
"27/02/2019","15.6223177"
"28/02/2019","15.5970045"
"01/03/2019","15.6413384"
"04/03/2019","15.6657077"
"05/03/2019","15.6769725"
"06/03/2019","15.6393483"
"07/03/2019","15.6050410"
"08/03/2019","15.5602841"
"11/03/2019","15.6067272"
"12/03/2019","15.6390140"
"13/03/2019","15.6871398"
"14/03/2019","15.6990501"
"15/03/2019","15.7514182"
"18/03/2019","15.8151652"
"19/03/2019","15.8228948"
"20/03/2019","15.8456117"
"21/03/2019","15.8796118"
"22/03/2019","15.8239532"
"25/03/2019","15.7701906"
"26/03/2019","15.7826867"
"27/03/2019","15.7972527"
"28/03/2019","15.7989518"
"29/03/2019","15.8334073"
"01/04/2019","15.8951599"
"02/04/2019","15.9356688"
"03/04/2019","15.9330455"
"04/04/2019","15.9823039"
"05/04/2019","15.9934904"
"08/04/2019","16.0183864"
"09/04/2019","16.0229960"
"10/04/2019","16.0176095"
"11/04/2019","16.0113794"
"12/04/2019","16.0149052"
"15/04/2019","16.0220854"
"16/04/2019","16.0456227"
"17/04/2019","16.0485278"
"18/04/2019","16.0432475"
"19/04/2019","16.0542152"
"22/04/2019","16.0886981"
"23/04/2019","16.1253601"
"24/04/2019","16.1250264"
"25/04/2019","16.1175596"
"26/04/2019","16.1359700"
"29/04/2019","16.1582360"
"30/04/2019","16.1605939"
"01/05/2019","16.1368363"
"02/05/2019","16.1398156"
"03/05/2019","16.1338465"
"06/05/2019","16.1140076"
"07/05/2019","16.0626179"
"08/05/2019","16.0282182"
"09/05/2019","15.9844404"
"10/05/2019","15.9844067"
"13/05/2019","15.9232951"
"14/05/2019","15.8576051"
"15/05/2019","15.9035273"
"16/05/2019","15.9307879"
"17/05/2019","15.9762035"
"20/05/2019","15.9824649"
"21/05/2019","16.0086789"
"22/05/2019","16.0107709"
"23/05/2019","16.0179134"
"24/05/2019","15.9939397"
"27/05/2019","16.0323085"
"28/05/2019","16.0406861"
"29/05/2019","16.0398551"
"30/05/2019","16.0618517"
"31/05/2019","16.0481759"
"03/06/2019","15.9829343"
"04/06/2019","15.9967690"
"05/06/2019","16.0093622"
"06/06/2019","16.0638998"
"07/06/2019","16.0914616"
"10/06/2019","16.1553411"
"11/06/2019","16.2226087"
"12/06/2019","16.2727050"
"13/06/2019","16.2894573"
"14/06/2019","16.3628877"
"17/06/2019","16.3478818"
"18/06/2019","16.3812536"
"19/06/2019","16.4371674"
"20/06/2019","16.5178496"
"21/06/2019","16.5039590"
"24/06/2019","16.5099641"
"25/06/2019","16.4850464"
"26/06/2019","16.4136162"
"27/06/2019","16.4191347"
"28/06/2019","16.4841287"
"01/07/2019","16.5565036"
"02/07/2019","16.6187926"
"03/07/2019","16.6508699"
"04/07/2019","16.6997241"
"05/07/2019","16.6823106"
"08/07/2019","16.6451970"
"09/07/2019","16.6402427"
"10/07/2019","16.6212935"
"11/07/2019","16.6400108"
"12/07/2019","16.6517750"
"15/07/2019","16.7082538"
"16/07/2019","16.7321415"
"17/07/2019","16.7555601"
"18/07/2019","16.7866823"
"19/07/2019","16.8018274"
"22/07/2019","16.8117919"
"23/07/2019","16.8306486"
"24/07/2019","16.8275421"
"25/07/2019","16.8397123"
"26/07/2019","16.8255848"
"29/07/2019","16.8391769"
"30/07/2019","16.7694112"
"31/07/2019","16.6873530"
"01/08/2019","16.6880831"
"02/08/2019","16.6555169"
"05/08/2019","16.5633558"
"06/08/2019","16.4899120"
"07/08/2019","16.5647810"
"08/08/2019","16.5927737"
"09/08/2019","16.6759792"
"12/08/2019","16.6309061"
"13/08/2019","16.6465966"
"14/08/2019","16.6017394"
"15/08/2019","16.5682413"
"16/08/2019","16.5896291"
"19/08/2019","16.6590381"
"20/08/2019","16.6370795"
"21/08/2019","16.6222224"
"22/08/2019","16.6348904"
"23/08/2019","16.5806367"
"26/08/2019","16.5448276"
"27/08/2019","16.5837126"
"28/08/2019","16.6177560"
"29/08/2019","16.6335825"
"30/08/2019","16.7014993"
"02/09/2019","16.7146272"
"03/09/2019","16.7318139"
"04/09/2019","16.7213900"
"05/09/2019","16.7850659"
"06/09/2019","16.7985196"
"09/09/2019","16.7950747"
"10/09/2019","16.7490697"
"11/09/2019","16.7548239"
"12/09/2019","16.7759756"
"13/09/2019","16.7667202"
"16/09/2019","16.7724034"
"17/09/2019","16.7892029"
"18/09/2019","16.8162519"
"19/09/2019","16.8052853"
"20/09/2019","16.8206605"
"23/09/2019","16.8272046"
"24/09/2019","16.7730704"
"25/09/2019","16.7628086"
"26/09/2019","16.8364489"
"27/09/2019","16.8036496"
"30/09/2019","16.8519069"
"01/10/2019","16.8401248"
"02/10/2019","16.7575031"
"03/10/2019","16.7252628"
"04/10/2019","16.8320453"
"07/10/2019","16.9145085"
"08/10/2019","16.8625184"
"09/10/2019","16.8762619"
"10/10/2019","16.9269092"
"11/10/2019","16.9328747"
"14/10/2019","17.0257743"
"15/10/2019","17.0284798"
"16/10/2019","17.0648225"
"17/10/2019","17.0402827"
"18/10/2019","17.0181122"
"21/10/2019","17.0090436"
"22/10/2019","17.0390431"
"23/10/2019","17.0090022"
"24/10/2019","17.0249709"
"25/10/2019","17.0076975"
"28/10/2019","17.0010306"
"29/10/2019","17.0279959"
"30/10/2019","17.0461165"
"31/10/2019","17.0577177"
"01/11/2019","17.0846022"
"04/11/2019","17.0983059"
"05/11/2019","17.1131609"
"06/11/2019","17.0835692"
"07/11/2019","17.0907693"
"08/11/2019","17.1138512"
"11/11/2019","17.0733277"
"12/11/2019","17.0926625"
"13/11/2019","17.0200767"
"14/11/2019","17.0124454"
"15/11/2019","17.0120867"
"18/11/2019","17.0803040"
"19/11/2019","17.0984726"
"20/11/2019","17.0737109"
"21/11/2019","17.0576550"
"22/11/2019","17.1079726"
"25/11/2019","17.1391623"
"26/11/2019","17.1540649"
"27/11/2019","17.1513451"
"28/11/2019","17.1657706"
"29/11/2019","17.1453233"
"02/12/2019","17.0949313"
"03/12/2019","17.0969850"
"04/12/2019","17.0762524"
"05/12/2019","17.0995459"
"06/12/2019","17.1287370"
"09/12/2019","17.1545841"
"10/12/2019","17.2243526"
"11/12/2019","17.2295279"
"12/12/2019","17.2171251"
"13/12/2019","17.2637412"
"16/12/2019","17.2697832"
"17/12/2019","17.2872216"
"18/12/2019","17.2939392"
"19/12/2019","17.2866907"
"20/12/2019","17.2831881"
"23/12/2019","17.3239282"
"24/12/2019","17.3176834"
"26/12/2019","17.3776634"
"27/12/2019","17.4018718"
"30/12/2019","17.3776213"
"31/12/2019","17.3543103"
"02/01/2020","17.4155022"
"03/01/2020","17.4563526"
"06/01/2020","17.4686378"
"07/01/2020","17.4925308"
"08/01/2020","17.4729219"
"09/01/2020","17.5229793"
"10/01/2020","17.5621327"
"13/01/2020","17.6016728"
"14/01/2020","17.5673688"
"15/01/2020","17.5751529"
"16/01/2020","17.6180516"
"17/01/2020","17.6677966"
"20/01/2020","17.6861826"
"21/01/2020","17.6744420"
"22/01/2020","17.6796717"
"23/01/2020","17.6823964"
"24/01/2020","17.6590497"
"27/01/2020","17.5502884"
"28/01/2020","17.5660852"
"29/01/2020","17.6198984"
"30/01/2020","17.6265472"
"31/01/2020","17.6140893"
"03/02/2020","17.5797589"
"04/02/2020","17.6759323"
"05/02/2020","17.7802505"
"06/02/2020","17.8123417"
"07/02/2020","17.8105873"
"10/02/2020","17.7936830"
"11/02/2020","17.8450141"
"12/02/2020","17.8559056"
"13/02/2020","17.8718540"
"14/02/2020","17.8778235"
"17/02/2020","17.9079103"
"18/02/2020","17.8985946"
"19/02/2020","17.9065857"
"20/02/2020","17.9147805"
"21/02/2020","17.8449514"
"24/02/2020","17.7862878"
"25/02/2020","17.6658120"
"26/02/2020","17.5446362"
"27/02/2020","17.4213859"
"28/02/2020","17.2394097"
"02/03/2020","17.3258213"
"03/03/2020","17.3337431"
"04/03/2020","17.4987944"
"05/03/2020","17.5231270"
"06/03/2020","17.3147615"
"09/03/2020","17.0044402"
"10/03/2020","16.8915975"
"11/03/2020","16.6522437"
"12/03/2020","15.9722919"
"13/03/2020","15.9089358"
"16/03/2020","15.3606709"
"17/03/2020","15.3362472"
"18/03/2020","15.0602234"
"19/03/2020","14.8867208"
"20/03/2020","14.8182731"
"23/03/2020","14.7438846"
"24/03/2020","14.8916839"
"25/03/2020","15.1084565"
"26/03/2020","15.4478502"
"27/03/2020","15.3895745"
"30/03/2020","15.3375786"
"31/03/2020","15.2876412"
"01/04/2020","15.1462520"
"02/04/2020","14.8854747"
"03/04/2020","14.7855146"
"06/04/2020","14.8641266"
"07/04/2020","14.9220073"
"08/04/2020","15.0675268"
"09/04/2020","15.1593488"
"10/04/2020","15.1766208"
"13/04/2020","15.5357635"
"14/04/2020","15.7242837"
"15/04/2020","15.7520471"
"16/04/2020","15.7403844"
"17/04/2020","15.8051069"
"20/04/2020","15.8047245"
"21/04/2020","15.6017172"
"22/04/2020","15.6154538"
"23/04/2020","15.6299483"
"24/04/2020","15.7207759"
"27/04/2020","15.7056831"
"28/04/2020","15.7188189"
"29/04/2020","15.8138179"
"30/04/2020","15.8156089"
"01/05/2020","15.7476718"
"04/05/2020","15.6275212"
"05/05/2020","15.7547892"
"06/05/2020","15.8792583"
"07/05/2020","15.9171063"
"08/05/2020","16.1319248"
"11/05/2020","16.2752308"
"12/05/2020","16.3173170"
"13/05/2020","16.2694816"
"14/05/2020","16.2299140"
"15/05/2020","16.1963098"
"18/05/2020","16.3345126"
"19/05/2020","16.3639134"
"20/05/2020","16.3640375"
"21/05/2020","16.4340548"
"22/05/2020","16.4763034"
"25/05/2020","16.5047119"
"26/05/2020","16.6233053"
"27/05/2020","16.6719848"
"28/05/2020","16.6625654"
"29/05/2020","16.6705536"
"01/06/2020","16.6484557"
"02/06/2020","16.6931304"
"03/06/2020","16.8746145"
"04/06/2020","16.9483420"
"05/06/2020","17.0908334"
"08/06/2020","17.2251643"
"09/06/2020","17.2022865"
"10/06/2020","17.1602869"
"11/06/2020","17.0360301"
"12/06/2020","16.9843024"
"15/06/2020","16.9523408"
"16/06/2020","17.0704765"
"17/06/2020","17.1433611"
"18/06/2020","17.1966407"
"19/06/2020","17.2001732"
"22/06/2020","17.2198563"
"23/06/2020","17.2958853"
"24/06/2020","17.2078597"
"25/06/2020","17.1780084"
"26/06/2020","17.2105670"
"29/06/2020","17.1899486"
"30/06/2020","17.2269368"
"01/07/2020","17.2373972"
"02/07/2020","17.2843589"
"03/07/2020","17.3539769"
"06/07/2020","17.4635084"
"07/07/2020","17.4810155"
"08/07/2020","17.5059604"
"09/07/2020","17.5265370"
"10/07/2020","17.5066193"
"13/07/2020","17.4770826"
"14/07/2020","17.4377222"
"15/07/2020","17.4966972"
"16/07/2020","17.4796312"
"17/07/2020","17.5714384"
"20/07/2020","17.6226625"
"21/07/2020","17.7189824"
"22/07/2020","17.7868172"
"23/07/2020","17.8277943"
"24/07/2020","17.7870866"
"27/07/2020","17.7565781"
"28/07/2020","17.7817799"
"29/07/2020","17.8356704"
"30/07/2020","17.8994569"
"31/07/2020","17.9179841"
"03/08/2020","17.9760346"
"04/08/2020","18.0074679"
"05/08/2020","18.0737201"
"06/08/2020","18.0295484"
"07/08/2020","17.8665961"
"10/08/2020","17.8349962"
"11/08/2020","17.8567848"
"12/08/2020","17.8753935"
"13/08/2020","17.9367138"
"14/08/2020","18.0338811"
"17/08/2020","18.0567975"
"18/08/2020","18.0731847"
"19/08/2020","18.0491816"
"20/08/2020","18.0423559"
"21/08/2020","18.0402643"
"24/08/2020","18.1062252"
"25/08/2020","18.0783749"
"26/08/2020","18.0778046"
"27/08/2020","18.1612748"
"28/08/2020","18.1422745"
"31/08/2020","18.2205666"
"01/09/2020","18.2235911"
"02/09/2020","18.2941221"
"03/09/2020","18.2531617"
"04/09/2020","18.0757935"
"07/09/2020","18.0163970"
"08/09/2020","17.9894552"
"09/09/2020","18.0348187"
"10/09/2020","18.0574007"
"11/09/2020","17.9902386"
"14/09/2020","18.1229249"
"15/09/2020","18.1679852"
"16/09/2020","18.1373991"
"17/09/2020","18.1070920"
"18/09/2020","18.1439324"
"21/09/2020","18.0794991"
"22/09/2020","18.0126294"
"23/09/2020","17.9654809"
"24/09/2020","17.9360749"
"25/09/2020","17.9569915"
"28/09/2020","18.0576558"
"29/09/2020","18.0921242"
"30/09/2020","18.1356754"
"01/10/2020","18.1943363"
"02/10/2020","18.2092897"
"05/10/2020","18.2001658"
"06/10/2020","18.2533817"
"07/10/2020","18.2729944"
"08/10/2020","18.3559347"
"09/10/2020","18.4854188"
"12/10/2020","18.5587894"
"13/10/2020","18.5496690"
"14/10/2020","18.5257557"
"15/10/2020","18.4025813"
"16/10/2020","18.4077947"
"19/10/2020","18.3941324"
"20/10/2020","18.4005725"
"21/10/2020","18.3859764"
"22/10/2020","18.3582859"
"23/10/2020","18.3853884"
"26/10/2020","18.3438857"
"27/10/2020","18.3745848"
"28/10/2020","18.2571531"
"29/10/2020","18.2350930"
"30/10/2020","18.1530911"
"02/11/2020","18.1754324"
"03/11/2020","18.2331926"
"04/11/2020","18.4078545"
"05/11/2020","18.6669087"
"06/11/2020","18.7599492"
"09/11/2020","18.8654116"
"10/11/2020","18.6945953"
"11/11/2020","18.7267266"
"12/11/2020","18.7515116"
"13/11/2020","18.7773172"
"16/11/2020","18.9259104"
"17/11/2020","18.9053429"
"18/11/2020","18.8536359"
"19/11/2020","18.9226733"
"20/11/2020","19.0284096"
"23/11/2020","19.1047646"
"24/11/2020","19.2204280"
"25/11/2020","19.2643333"
"26/11/2020","19.2982842"
"27/11/2020","19.3660040"
"30/11/2020","19.3895885"
"01/12/2020","19.4601395"
"02/12/2020","19.4922941"
"03/12/2020","19.5173966"
"04/12/2020","19.6149851"
"07/12/2020","19.7119029"
"08/12/2020","19.7614260"
"09/12/2020","19.7275994"
"10/12/2020","19.7609578"
"11/12/2020","19.7325631"
"14/12/2020","19.6857739"
"15/12/2020","19.7823662"
"16/12/2020","19.8936129"
"17/12/2020","20.0328039"
"18/12/2020","20.0637152"
"21/12/2020","20.0213409"
"22/12/2020","19.9835602"
"23/12/2020","20.0320402"
"24/12/2020","20.0414740"
"28/12/2020","20.0545751"
"29/12/2020","20.0772356"
"30/12/2020","20.1879713"
"31/12/2020","20.1953554"
"04/01/2021","20.2690046"
"05/01/2021","20.3209995"
"06/01/2021","20.2973221"
"07/01/2021","20.3088312"
"08/01/2021","20.3729505"
"11/01/2021","20.3265680"
"12/01/2021","20.3775303"
"13/01/2021","20.4508174"
"14/01/2021","20.5061578"
"15/01/2021","20.5018523"
"18/01/2021","20.5057741"
"19/01/2021","20.5844849"
"20/01/2021","20.6890658"
"21/01/2021","20.7451115"
"22/01/2021","20.7409531"
"25/01/2021","20.7808978"
"26/01/2021","20.7022207"
"27/01/2021","20.4910813"
"28/01/2021","20.4672232"
"29/01/2021","20.4393314"
"01/02/2021","20.6083281"
"02/02/2021","20.7135008"
"03/02/2021","20.7814450"
"04/02/2021","20.7651824"
"05/02/2021","20.8281969"
"08/02/2021","20.9691094"
"09/02/2021","21.0784496"
"10/02/2021","21.1330374"
"11/02/2021","21.1520721"
"12/02/2021","21.2155009"
"15/02/2021","21.2428887"
"16/02/2021","21.2554665"
"17/02/2021","21.1721434"
"18/02/2021","21.0908999"
"19/02/2021","21.0778167"
"22/02/2021","21.0143731"
"23/02/2021","20.9723942"
"24/02/2021","20.8971132"
"25/02/2021","20.7694054"
"26/02/2021","20.6338285"
"01/03/2021","20.7796551"
"02/03/2021","20.7706822"
"03/03/2021","20.5987935"
"04/03/2021","20.2972619"
"05/03/2021","20.2145506"
"08/03/2021","20.0854423"
"09/03/2021","20.1586172"
"10/03/2021","20.2749901"
"11/03/2021","20.4956851"
"12/03/2021","20.5565238"
"15/03/2021","20.4698043"
"16/03/2021","20.4610856"
"17/03/2021","20.4900992"
"18/03/2021","20.4224455"
"19/03/2021","20.4237141"
"22/03/2021","20.4203119"
"23/03/2021","20.3204387"
"24/03/2021","20.1117676"
"25/03/2021","20.0603220"
"26/03/2021","20.1658778"
"29/03/2021","20.1624922"
"30/03/2021","20.1279946"
"31/03/2021","20.1303119"
"01/04/2021","20.2296911"
"02/04/2021","20.2576364"
"05/04/2021","20.2118763"
"06/04/2021","20.1789007"
"07/04/2021","20.1304754"
"08/04/2021","20.1893773"
"09/04/2021","20.1896755"
"12/04/2021","20.1008794"
"13/04/2021","20.1471608"
"14/04/2021","20.1555304"
"15/04/2021","20.1590631"
"16/04/2021","20.2053661"
"19/04/2021","20.1431758"
"20/04/2021","19.9976955"
"21/04/2021","20.0080862"
"22/04/2021","19.8753622"
"23/04/2021","20.0400016"
"26/04/2021","20.0825985"
"27/04/2021","20.0891974"
"28/04/2021","19.9606257"
"29/04/2021","20.1093278"
"30/04/2021","20.0659097"
"03/05/2021","20.0521253"
"04/05/2021","20.0511322"
"05/05/2021","19.9991076"
"06/05/2021","20.0221587"
"07/05/2021","20.1342394"
"10/05/2021","20.0973704"
"11/05/2021","20.0038574"
"12/05/2021","20.0438470"
"13/05/2021","19.9697611"
"14/05/2021","20.0984107"
"17/05/2021","20.1714940"
"18/05/2021","20.2187356"
"19/05/2021","20.1096489"
"20/05/2021","20.0874101"
"21/05/2021","20.1463382"
"24/05/2021","20.2377184"
"25/05/2021","20.2085604"
"26/05/2021","20.2062786"
"27/05/2021","20.1714011"
"28/05/2021","20.4431819"
"31/05/2021","20.5740858"
"01/06/2021","20.6208509"
"02/06/2021","20.5614442"
"03/06/2021","20.6402562"
"04/06/2021","20.8748033"
"07/06/2021","20.7233060"
"08/06/2021","20.6814659"
"09/06/2021","20.3142057"
"10/06/2021","20.4726533"
"11/06/2021","20.4393220"
"14/06/2021","20.3426852"
"15/06/2021","20.2065344"
"16/06/2021","20.1837352"
"17/06/2021","20.1155636"
"18/06/2021","20.0870366"
"21/06/2021","19.9952626"
"22/06/2021","20.0839947"
"23/06/2021","20.1101040"
"24/06/2021","20.1617204"
"25/06/2021","20.2211061"
"28/06/2021","20.1700507"
"29/06/2021","20.1582236"
"30/06/2021","20.2148564"
"01/07/2021","20.1449593"
"02/07/2021","20.1502136"
"05/07/2021","20.1907456"
"06/07/2021","20.1838101"
"07/07/2021","20.0669817"
"08/07/2021","19.9864943"
"09/07/2021","20.0242744"
"12/07/2021","20.0394349"
"13/07/2021","20.0128443"
"14/07/2021","20.0177977"
"15/07/2021","19.9941786"
"16/07/2021","19.8797126"
"19/07/2021","19.7995616"
"20/07/2021","19.7922028"
"21/07/2021","19.9021853"
"22/07/2021","19.9879837"
"23/07/2021","19.9510174"
"26/07/2021","19.9662118"
"27/07/2021","19.9348181"
"28/07/2021","19.9439177"
"29/07/2021","20.0357006"
"30/07/2021","19.9312417"
"02/08/2021","19.8113785"
"03/08/2021","19.8433718"
"04/08/2021","19.8518557"
"05/08/2021","19.8436695"
"06/08/2021","19.7520797"
"09/08/2021","19.6128701"
"10/08/2021","19.5275444"
"11/08/2021","19.5397273"
"12/08/2021","19.4492130"
"13/08/2021","19.4921103"
"16/08/2021","19.4253965"
"17/08/2021","19.2973514"
"18/08/2021","19.1821895"
"19/08/2021","19.0617320"
"20/08/2021","19.0358810"
"23/08/2021","19.1740667"
"24/08/2021","19.4746111"
"25/08/2021","19.5240280"
"26/08/2021","19.4999902"
"27/08/2021","19.7137347"
"30/08/2021","19.7508143"
"31/08/2021","19.9262329"
"01/09/2021","19.8998389"
"02/09/2021","19.9275415"
"03/09/2021","19.9600628"
"06/09/2021","19.9945117"
"07/09/2021","19.9751663"
"08/09/2021","19.9046779"
"09/09/2021","19.8771153"
"10/09/2021","19.9383499"
"13/09/2021","20.0287721"
"14/09/2021","19.9686375"
"15/09/2021","19.9732488"
"16/09/2021","19.9037909"
"17/09/2021","19.9726678"
"20/09/2021","19.9156085"
"21/09/2021","19.9165817"
"22/09/2021","19.9910605"
"23/09/2021","20.0721126"
"24/09/2021","20.0768757"
"27/09/2021","20.1137706"
"28/09/2021","19.9553824"
"29/09/2021","19.8828157"
"30/09/2021","19.8688049"
"01/10/2021","19.8855818"
"04/10/2021","19.8576396"
"05/10/2021","19.8422024"
"06/10/2021","19.8774083"
"07/10/2021","19.9713926"
"08/10/2021","20.0421899"
"11/10/2021","19.9732132"
"12/10/2021","19.9498488"
"13/10/2021","19.8349970"
"14/10/2021","19.7880806"
"15/10/2021","19.9971062"
"18/10/2021","20.0517648"
"19/10/2021","20.1009791"
"20/10/2021","20.1474379"
"21/10/2021","20.1251778"
"22/10/2021","20.2049483"
"25/10/2021","20.3267949"
"26/10/2021","20.3458383"
"27/10/2021","20.2168349"
"28/10/2021","20.2516166"
"29/10/2021","20.2529314"
"01/11/2021","20.2813079"
"02/11/2021","20.2839410"
"03/11/2021","20.2862346"
"04/11/2021","20.3083513"
"05/11/2021","20.4166403"
"08/11/2021","20.4581223"
"09/11/2021","20.4715134"
"10/11/2021","20.4023319"
"11/11/2021","20.4163630"
"12/11/2021","20.4639219"
"15/11/2021","20.4346738"
"16/11/2021","20.4988876"
"17/11/2021","20.4676952"
"18/11/2021","20.5093448"
"19/11/2021","20.4198671"
"22/11/2021","20.2999349"
"23/11/2021","20.2950811"
"24/11/2021","20.2719858"
"25/11/2021","20.3591149"
"26/11/2021","20.2949548"
"29/11/2021","20.3417468"
"30/11/2021","20.4446706"
"01/12/2021","20.3574105"
"02/12/2021","20.3522313"
"03/12/2021","20.3203949"
"06/12/2021","20.3761626"
"07/12/2021","20.5054502"
"08/12/2021","20.5972151"
"09/12/2021","20.6337205"
"10/12/2021","20.5155904"
"13/12/2021","20.4744132"
"14/12/2021","20.3827832"
"15/12/2021","20.3113481"
"16/12/2021","20.3458600"
"17/12/2021","20.2631595"
"20/12/2021","20.2082927"
"21/12/2021","20.2479953"
"22/12/2021","20.2911278"
"23/12/2021","20.2692062"
"24/12/2021","20.2990023"
"27/12/2021","20.3342376"
"28/12/2021","20.3146286"
"29/12/2021","20.3389442"
"30/12/2021","20.4038215"
"31/12/2021","20.3934266"
"03/01/2022","20.3685738"
"04/01/2022","20.4545323"
"05/01/2022","20.4599632"
"06/01/2022","20.4056492"
"07/01/2022","20.3393803"
"10/01/2022","20.2996625"
"11/01/2022","20.3398416"
"12/01/2022","20.4713156"
"13/01/2022","20.4572914"
"14/01/2022","20.3444160"
"17/01/2022","20.2773777"
"18/01/2022","20.2405775"
"19/01/2022","20.2551552"
"20/01/2022","20.1867468"
"21/01/2022","20.1452251"
"24/01/2022","20.0912371"
"25/01/2022","20.0957628"
"26/01/2022","20.0875084"
"27/01/2022","20.0630070"
"28/01/2022","20.0992621"
"31/01/2022","20.1737395"
"01/02/2022","20.2809098"
"02/02/2022","20.2353351"
"03/02/2022","20.1461775"
"04/02/2022","20.1122900"
"07/02/2022","20.1417300"
"08/02/2022","20.2435960"
"09/02/2022","20.2740193"
"10/02/2022","20.0712478"
"11/02/2022","20.1908945"
"14/02/2022","20.1715961"
"15/02/2022","20.3398944"
"16/02/2022","20.3326772"
"17/02/2022","20.2557396"
"18/02/2022","20.2517276"
"21/02/2022","20.2571074"
"22/02/2022","20.0728747"
"23/02/2022","20.1634980"
"24/02/2022","20.1824040"
"25/02/2022","20.1691920"
"28/02/2022","20.3558773"
"01/03/2022","20.4554371"
"02/03/2022","20.4740956"
"03/03/2022","20.4133765"
"04/03/2022","20.5019439"
"07/03/2022","20.3810022"
"08/03/2022","20.4418091"
"09/03/2022","20.4190271"
"10/03/2022","20.4325700"
"11/03/2022","20.3636165"
"14/03/2022","20.2608901"
"15/03/2022","20.1835454"
"16/03/2022","20.2678141"
"17/03/2022","20.5339249"
"18/03/2022","20.6666465"
"21/03/2022","20.7536296"
"22/03/2022","20.7725186"
"23/03/2022","20.7922973"
"24/03/2022","20.7123020"
"25/03/2022","20.7622576"
"28/03/2022","20.6696458"
"29/03/2022","20.7486250"
"30/03/2022","20.7519697"
"31/03/2022","20.6860654"
"01/04/2022","20.6170758"
"04/04/2022","20.7188416"
"05/04/2022","20.7839766"
"06/04/2022","20.7935321"
"07/04/2022","20.7225351"
"08/04/2022","20.7662992"
"11/04/2022","20.6341208"
"12/04/2022","20.6465845"
"13/04/2022","20.5939087"
"14/04/2022","20.6079258"
"15/04/2022","20.5991290"
"18/04/2022","20.5319447"
"19/04/2022","20.3534379"
"20/04/2022","20.4101716"
"21/04/2022","20.2773689"
"22/04/2022","20.1971324"
"25/04/2022","19.8419612"
"26/04/2022","19.7607206"
"27/04/2022","20.0405187"
"28/04/2022","20.1706022"
"29/04/2022","20.1440331"
"02/05/2022","19.9582959"
"03/05/2022","20.0257107"
"04/05/2022","19.9809370"
"05/05/2022","19.5792920"
"06/05/2022","19.4464891"
"09/05/2022","19.0877549"
"10/05/2022","18.9470251"
"11/05/2022","19.0255637"
"12/05/2022","18.8918116"
"13/05/2022","19.1654523"
"16/05/2022","19.2427142"
"17/05/2022","19.2815296"
"18/05/2022","19.1495973"
"19/05/2022","19.1510962"
"20/05/2022","19.1751145"
"23/05/2022","19.2640794"
"24/05/2022","19.2026608"
"25/05/2022","19.2279418"
"26/05/2022","19.3311375"
"27/05/2022","19.6059126"
"30/05/2022","19.6236640"
"31/05/2022","19.6619795"
"01/06/2022","19.7110843"
"02/06/2022","19.6448258"
"03/06/2022","19.6558909"
"06/06/2022","19.6306716"
"07/06/2022","19.7420028"
"08/06/2022","19.7861284"
"09/06/2022","19.5777129"
"10/06/2022","19.5026565"
"13/06/2022","19.1190018"
"14/06/2022","19.0874310"
"15/06/2022","19.0564903"
"16/06/2022","18.8542427"
"17/06/2022","18.8255812"
"20/06/2022","18.8349750"
"21/06/2022","18.9248630"
"22/06/2022","18.7130059"
"23/06/2022","18.6261009"
"24/06/2022","18.7709228"
"27/06/2022","18.8293872"
"28/06/2022","18.8852543"
"29/06/2022","18.7770611"
"30/06/2022","18.7921739"
"01/07/2022","18.7978323"
"04/07/2022","18.7448496"
"05/07/2022","18.6867562"
"06/07/2022","18.6492143"
"07/07/2022","18.7258202"
"08/07/2022","18.7447813"
"11/07/2022","18.7342048"
"12/07/2022","18.6284434"
"13/07/2022","18.5546007"
"14/07/2022","18.3035811"
"15/07/2022","18.3259465"
"18/07/2022","18.4161736"
"19/07/2022","18.4490791"
"20/07/2022","18.4897150"
"21/07/2022","18.6510884"
"22/07/2022","18.7235266"
"25/07/2022","18.8518068"
"26/07/2022","18.8716253"
"27/07/2022","18.9876588"
"28/07/2022","19.0339144"
"29/07/2022","19.1094261"
"01/08/2022","19.0828490"
"02/08/2022","19.1657697"
"03/08/2022","19.1284234"
"04/08/2022","19.1145314"
"05/08/2022","19.1692415"
"08/08/2022","19.3403704"
"09/08/2022","19.3541034"
"10/08/2022","19.4347580"
"11/08/2022","19.4803767"
"12/08/2022","19.4591702"
"15/08/2022","19.2862580"
"16/08/2022","19.2647495"
"17/08/2022","19.1535384"
"18/08/2022","19.2196255"
"19/08/2022","19.1243078"
"22/08/2022","19.0594152"
"23/08/2022","19.1025636"
"24/08/2022","19.1429070"
"25/08/2022","19.1403941"
"26/08/2022","19.0492577"
"29/08/2022","19.0273467"
"30/08/2022","18.9243308"
"31/08/2022","18.8479021"
"01/09/2022","18.6606832"
"02/09/2022","18.8003238"
"05/09/2022","18.7798885"
"06/09/2022","18.7734899"
"07/09/2022","18.7555787"
"08/09/2022","18.7730155"
"09/09/2022","18.9731092"
"12/09/2022","19.0312687"
"13/09/2022","18.9599692"
"14/09/2022","19.0163830"
"15/09/2022","18.9779073"
"16/09/2022","18.8753229"
"19/09/2022","18.9187695"
"20/09/2022","18.9692246"
"21/09/2022","18.9880284"
"22/09/2022","18.8987569"
"23/09/2022","18.7070879"
"26/09/2022","18.5626381"
"27/09/2022","18.5896278"
"28/09/2022","18.6997158"
"29/09/2022","18.7197453"
"30/09/2022","18.7353701"
"03/10/2022","18.8956423"
"04/10/2022","19.0809874"
"05/10/2022","19.1877995"
"06/10/2022","19.2421980"
"07/10/2022","19.1237040"
"10/10/2022","19.0620841"
"11/10/2022","18.9766406"
"12/10/2022","18.9702301"
"13/10/2022","18.9948626"
"14/10/2022","18.9324863"
"17/10/2022","19.0031442"
"18/10/2022","19.1016703"
"19/10/2022","19.0963852"
"20/10/2022","19.0986451"
"21/10/2022","19.1614067"
"24/10/2022","19.1628450"
"25/10/2022","19.2283319"
"26/10/2022","19.2716375"
"27/10/2022","19.3042338"
"28/10/2022","19.2983201"
"31/10/2022","19.3681623"
"01/11/2022","19.4452650"
"02/11/2022","19.2846180"
"03/11/2022","19.3796113"
"04/11/2022","19.5302243"
"07/11/2022","19.6094114"
"08/11/2022","19.5756207"
"09/11/2022","19.4828572"
"10/11/2022","19.5494610"
"11/11/2022","19.5754818"
"14/11/2022","19.5624690"
"15/11/2022","19.5420434"
"16/11/2022","19.4035959"
"17/11/2022","19.2947821"
"18/11/2022","19.2816028"
"21/11/2022","19.3123969"
"22/11/2022","19.4838380"
"23/11/2022","19.4959173"
"24/11/2022","19.5589182"
"25/11/2022","19.5399012"
"28/11/2022","19.4219412"
"29/11/2022","19.5006935"
"30/11/2022","19.6573080"
"01/12/2022","19.6386142"
"02/12/2022","19.6647561"
"05/12/2022","19.5811493"
"06/12/2022","19.4525939"
"07/12/2022","19.3653334"
"08/12/2022","19.3717369"
"09/12/2022","19.3844131"
"12/12/2022","19.3503731"
"13/12/2022","19.3471030"
"14/12/2022","19.3306078"
"15/12/2022","19.2865238"
"16/12/2022","19.1861236"
"19/12/2022","19.1053026"
"20/12/2022","19.1149257"
"21/12/2022","19.1292989"
"22/12/2022","19.1136875"
"23/12/2022","19.1663280"
"26/12/2022","19.1720345"
"27/12/2022","19.1998681"
"28/12/2022","19.1920144"
"29/12/2022","19.2330958"
"30/12/2022","19.2138306"
"02/01/2023","19.1965013"
"03/01/2023","19.2235769"
"04/01/2023","19.3149018"
"05/01/2023","19.2947037"
"06/01/2023","19.4287384"
"09/01/2023","19.5891355"
"10/01/2023","19.6106534"
"11/01/2023","19.6153175"
"12/01/2023","19.7532679"
"13/01/2023","19.7688460"
"16/01/2023","19.7584242"
"17/01/2023","19.7464823"
"18/01/2023","19.7412395"
"19/01/2023","19.7642712"
"20/01/2023","19.7975733"
"23/01/2023","19.9069791"
"24/01/2023","19.9269719"
"25/01/2023","19.9067263"
"26/01/2023","19.8372598"
"27/01/2023","19.7905332"
"30/01/2023","19.7256039"
"31/01/2023","19.7094298"
"01/02/2023","19.7760664"
"02/02/2023","19.7478267"
"03/02/2023","19.6613650"
"06/02/2023","19.6192145"
"07/02/2023","19.6620078"
"08/02/2023","19.7071796"
"09/02/2023","19.6769918"
"10/02/2023","19.5868579"
"13/02/2023","19.6754933"
"14/02/2023","19.6491621"
"15/02/2023","19.6503361"
"16/02/2023","19.5799382"
"17/02/2023","19.5564796"
"20/02/2023","19.5642399"
"21/02/2023","19.4795477"
"22/02/2023","19.3898981"
"23/02/2023","19.3778623"
"24/02/2023","19.3806335"
"27/02/2023","19.3445272"
"28/02/2023","19.2929233"
"01/03/2023","19.3955241"
"02/03/2023","19.3975611"
"03/03/2023","19.4423983"
"06/03/2023","19.4529974"
"07/03/2023","19.4027363"
"08/03/2023","19.4095167"
"09/03/2023","19.3262419"
"10/03/2023","19.2996764"
"13/03/2023","19.3312111"
"14/03/2023","19.3303283"
"15/03/2023","19.3018215"
"16/03/2023","19.2753279"
"17/03/2023","19.3070122"
"20/03/2023","19.3607304"
"21/03/2023","19.3942829"
"22/03/2023","19.3838464"
"23/03/2023","19.4044569"
"24/03/2023","19.4372035"
"27/03/2023","19.4557322"
"28/03/2023","19.4651668"
"29/03/2023","19.4972645"
"30/03/2023","19.5631133"
"31/03/2023","19.6169814"
"03/04/2023","19.6606708"
"04/04/2023","19.6173747"
"05/04/2023","19.6352072"
"06/04/2023","19.6087069"
"07/04/2023","19.6097929"
"10/04/2023","19.6875695"
"11/04/2023","19.7529374"
"12/04/2023","19.7762080"
"13/04/2023","19.8443648"
"14/04/2023","19.8414414"
"17/04/2023","19.8216911"
"18/04/2023","19.8289162"
"19/04/2023","19.7821472"
"20/04/2023","19.7584801"
"21/04/2023","19.7197647"
"24/04/2023","19.7226410"
"25/04/2023","19.6683313"
"26/04/2023","19.6009280"
"27/04/2023","19.5488579"
"28/04/2023","19.4885586"
"01/05/2023","19.4768215"
"02/05/2023","19.4301844"
"03/05/2023","19.4508474"
"04/05/2023","19.4528966"
"05/05/2023","19.5464973"
"08/05/2023","19.5680715"
"09/05/2023","19.5518958"
"10/05/2023","19.5330281"
"11/05/2023","19.4712267"
"12/05/2023","19.4649593"
"15/05/2023","19.5450228"
"16/05/2023","19.5324560"
"17/05/2023","19.5660767"
"18/05/2023","19.5128156"
"19/05/2023","19.5071948"
"22/05/2023","19.4859243"
"23/05/2023","19.4571267"
"24/05/2023","19.4503797"
"25/05/2023","19.3904582"
"26/05/2023","19.4150859"
"29/05/2023","19.4306877"
"30/05/2023","19.4457982"
"31/05/2023","19.4147049"
"01/06/2023","19.5649372"
"02/06/2023","19.5877150"
"05/06/2023","19.5983124"
"06/06/2023","19.6615831"
"07/06/2023","19.6356902"
"08/06/2023","19.6903581"
"09/06/2023","19.6951362"
"12/06/2023","19.7315873"
"13/06/2023","19.7986643"
"14/06/2023","19.8587712"
"15/06/2023","19.8717023"
"16/06/2023","19.8765458"
"19/06/2023","19.9132001"
"20/06/2023","19.9447455"
"21/06/2023","19.9189359"
"22/06/2023","19.8701730"
"23/06/2023","19.8568655"
"26/06/2023","19.9015336"
"27/06/2023","19.8458420"
"28/06/2023","19.8607080"
"29/06/2023","19.8858617"
"30/06/2023","19.9181186"
"03/07/2023","20.0493454"
"04/07/2023","20.0936295"
"05/07/2023","20.0744938"
"06/07/2023","19.9834897"
"07/07/2023","20.0379910"
"10/07/2023","20.0613925"
"11/07/2023","20.0340593"
"12/07/2023","20.0502721"
"13/07/2023","20.1438091"
"14/07/2023","20.0680920"
"17/07/2023","20.0993709"
"18/07/2023","20.1262758"
"19/07/2023","20.1569870"
"20/07/2023","20.1402774"
"21/07/2023","20.1285298"
"24/07/2023","20.1535931"
"25/07/2023","20.1964721"
"26/07/2023","20.2092675"
"27/07/2023","20.1741599"
"28/07/2023","20.2266305"
"31/07/2023","20.3439024"
"01/08/2023","20.3657385"
"02/08/2023","20.3177148"
"03/08/2023","20.3295254"
"04/08/2023","20.3413263"
"07/08/2023","20.3768951"
"08/08/2023","20.4046192"
"09/08/2023","20.4352502"
"10/08/2023","20.4016876"
"11/08/2023","20.4247095"
"14/08/2023","20.3885574"
"15/08/2023","20.3883898"
"16/08/2023","20.3657769"
"17/08/2023","20.2801640"
"18/08/2023","20.2085959"
"21/08/2023","20.2235787"
"22/08/2023","20.2334806"
"23/08/2023","20.2950022"
"24/08/2023","20.2822463"
"25/08/2023","20.2818657"
"28/08/2023","20.3561872"
"29/08/2023","20.4733141"
"30/08/2023","20.4920283"
"31/08/2023","20.4889873"
"01/09/2023","20.4883368"
"04/09/2023","20.4945900"
"05/09/2023","20.3972094"
"06/09/2023","20.4114308"
"07/09/2023","20.3855666"
"08/09/2023","20.4211122"
"11/09/2023","20.4176642"
"12/09/2023","20.4688587"
"13/09/2023","20.4647610"
"14/09/2023","20.5448324"
"15/09/2023","20.5285254"
"18/09/2023","20.5183936"
"19/09/2023","20.4673002"
"20/09/2023","20.4684689"
"21/09/2023","20.4163399"
"22/09/2023","20.4289799"
"25/09/2023","20.4029590"
"26/09/2023","20.3135861"
"27/09/2023","20.2740352"
"28/09/2023","20.2415880"
"29/09/2023","20.2414731"
"02/10/2023","20.1864596"
"03/10/2023","20.1229829"
"04/10/2023","20.0666247"
"05/10/2023","20.0123506"
"06/10/2023","20.0297738"
"09/10/2023","20.0675031"
"10/10/2023","20.1260621"
"11/10/2023","20.1606901"
"12/10/2023","20.1291990"
"13/10/2023","20.1312915"
"16/10/2023","20.1291792"
"17/10/2023","20.1182027"
"18/10/2023","20.1139640"
"19/10/2023","20.0748731"
"20/10/2023","20.0782121"
"23/10/2023","20.0656406"
"24/10/2023","20.1055608"
"25/10/2023","20.0775767"
"26/10/2023","20.0694668"
"27/10/2023","20.0498425"
"30/10/2023","19.9777910"
"31/10/2023","20.0102620"
"01/11/2023","20.0271714"
"02/11/2023","20.0640828"
"03/11/2023","20.0717657"
"06/11/2023","20.1238940"
"07/11/2023","20.2046878"
"08/11/2023","20.2588953"
"09/11/2023","20.2703087"
"10/11/2023","20.3110406"
"13/11/2023","20.2612865"
"14/11/2023","20.3460650"
"15/11/2023","20.3790175"
"16/11/2023","20.4088073"
"17/11/2023","20.4131258"
"20/11/2023","20.4190454"
"21/11/2023","20.4324765"
"22/11/2023","20.3787242"
"23/11/2023","20.3639454"
"24/11/2023","20.3485586"
"27/11/2023","20.3265949"
"28/11/2023","20.3529617"
"29/11/2023","20.4118455"
"30/11/2023","20.4096193"
"01/12/2023","20.5158686"
"04/12/2023","20.5143507"
"05/12/2023","20.5966003"
"06/12/2023","20.6200395"
"07/12/2023","20.6341169"
"08/12/2023","20.6431469"
"11/12/2023","20.6274451"
"12/12/2023","20.6194384"
"13/12/2023","20.7877444"
"14/12/2023","21.0499502"
"15/12/2023","21.1931840"
"18/12/2023","21.1517087"
"19/12/2023","21.2107765"
"20/12/2023","21.1907650"
"21/12/2023","21.1978913"
"22/12/2023","21.2053544"
"26/12/2023","21.2719292"
"27/12/2023","21.3446201"
"28/12/2023","21.3840052"
"29/12/2023","21.4097070"
"02/01/2024","21.3142671"
"03/01/2024","21.2766792"
"04/01/2024","21.2520587"
"05/01/2024","21.2528580"
"08/01/2024","21.2440940"
"09/01/2024","21.2556672"
"10/01/2024","21.3058943"
"11/01/2024","21.3654796"
"12/01/2024","21.4672955"
"15/01/2024","21.4575974"
"16/01/2024","21.4611551"
"17/01/2024","21.4350657"
"18/01/2024","21.4460921"
"19/01/2024","21.4665379"
"22/01/2024","21.4658236"
"23/01/2024","21.5663008"
"24/01/2024","21.5439359"
"25/01/2024","21.5683903"
"26/01/2024","21.6711161"
"29/01/2024","21.7230564"
"30/01/2024","21.7270694"
"31/01/2024","21.7534218"
"01/02/2024","21.8414121"
"02/02/2024","21.8477236"
"05/02/2024","21.8147440"
"06/02/2024","21.8757640"
"07/02/2024","21.8550522"
"08/02/2024","21.8882150"
"09/02/2024","21.9198623"
"12/02/2024","21.9720096"
"13/02/2024","21.9210358"
"14/02/2024","21.9932457"
"15/02/2024","21.9911818"
"16/02/2024","21.9812144"
"19/02/2024","21.9249267"
"20/02/2024","21.9298180"
"21/02/2024","21.9724934"
"22/02/2024","21.9798368"
"23/02/2024","22.0014537"
"26/02/2024","21.9886159"
"27/02/2024","21.9786543"
"28/02/2024","21.9525511"
"29/02/2024","21.9435963"
"01/03/2024","21.9644016"
"04/03/2024","22.0006231"
"05/03/2024","21.9530176"
"06/03/2024","21.9573766"
"07/03/2024","21.9375877"
"08/03/2024","21.8347918"
"11/03/2024","21.8071531"
"12/03/2024","21.8030521"
"13/03/2024","21.7907453"
"14/03/2024","21.7934570"
"15/03/2024","21.8178698"
"18/03/2024","21.8682813"
"19/03/2024","21.8254411"
"20/03/2024","21.8849215"
"21/03/2024","21.8892982"
"22/03/2024","21.9508630"
"25/03/2024","21.9256513"
"26/03/2024","21.7945778"
"27/03/2024","21.7057900"
"28/03/2024","21.7034847"
"29/03/2024","21.7093068"
"01/04/2024","21.5553745"
"02/04/2024","21.4941070"
"03/04/2024","21.5098064"
"04/04/2024","21.5063284"
"05/04/2024","21.3631949"
"08/04/2024","21.3745989"
"09/04/2024","21.3985070"
"10/04/2024","21.3515620"
"11/04/2024","21.2707195"
"12/04/2024","21.2585950"
"15/04/2024","21.2100064"
"16/04/2024","21.1643045"
"17/04/2024","21.1512356"
"18/04/2024","21.1045321"
"19/04/2024","21.0171988"
"22/04/2024","21.1816886"
"23/04/2024","21.3220550"
"24/04/2024","21.3829731"
"25/04/2024","21.4455824"
"26/04/2024","21.4716979"
"29/04/2024","21.5292444"
"30/04/2024","21.5510562"
"01/05/2024","21.5184927"
"02/05/2024","21.4979005"
"03/05/2024","21.6178762"
"06/05/2024","21.6904198"
"07/05/2024","21.6821991"
"08/05/2024","21.7029284"
"09/05/2024","21.6313843"
"10/05/2024","21.7249031"
"13/05/2024","21.7340557"
"14/05/2024","21.7816665"
"15/05/2024","21.9276025"
"16/05/2024","21.9753555"
"17/05/2024","22.0345136"
"20/05/2024","22.0483177"
"21/05/2024","22.0591259"
"22/05/2024","22.0180562"
"23/05/2024","21.9797582"
"24/05/2024","22.0339323"
"27/05/2024","22.0640596"
"28/05/2024","22.0997061"
"29/05/2024","22.0131113"
"30/05/2024","22.0211457"
"31/05/2024","21.9975920"
"03/06/2024","22.0013379"
"04/06/2024","21.9663247"
"05/06/2024","22.0179740"
"06/06/2024","22.0586413"
"07/06/2024","21.9452268"
"10/06/2024","22.0149023"
"11/06/2024","21.9465905"
"12/06/2024","22.0493268"
"13/06/2024","21.9965900"
"14/06/2024","21.9938706"
"17/06/2024","22.0443003"
"18/06/2024","22.0865522"
"19/06/2024","22.0790507"
"20/06/2024","22.0328230"
"21/06/2024","22.0208987"
"24/06/2024","22.0639264"
"25/06/2024","22.0700204"
"26/06/2024","22.0547751"
"27/06/2024","22.0742729"
"28/06/2024","22.1236336"
"01/07/2024","22.0773979"
"02/07/2024","22.0488539"
"03/07/2024","22.1183458"
"04/07/2024","22.1029794"
"05/07/2024","22.1539046"
"08/07/2024","22.1568445"
"09/07/2024","22.1597590"
"10/07/2024","22.2622507"
"11/07/2024","22.2299675"
"12/07/2024","22.2529623"
"15/07/2024","22.2129682"
"16/07/2024","22.2184285"
"17/07/2024","22.1213323"
"18/07/2024","22.0849089"
"19/07/2024","22.0211964"
"22/07/2024","22.0887551"
"23/07/2024","22.0669097"
"24/07/2024","22.0117816"
"25/07/2024","21.8967434"
"26/07/2024","21.9285260"
"29/07/2024","21.8851838"
"30/07/2024","21.8309945"
"31/07/2024","21.9700051"
"01/08/2024","21.8661977"
"02/08/2024","21.7207817"
"05/08/2024","21.5527494"
"06/08/2024","21.5637953"
"07/08/2024","21.5805505"
"08/08/2024","21.7080933"
"09/08/2024","21.8345076"
"12/08/2024","21.8854296"
"13/08/2024","21.9763290"
"14/08/2024","21.9728221"
"15/08/2024","22.1039891"
"16/08/2024","22.1171143"
"19/08/2024","22.1762880"
"20/08/2024","22.1863438"
"21/08/2024","22.1612552"
"22/08/2024","22.0698437"
"23/08/2024","22.1513017"
"26/08/2024","22.1007952"
"27/08/2024","22.0757279"
"28/08/2024","22.0256986"
"29/08/2024","22.0903519"
"30/08/2024","22.1401711"
"02/09/2024","22.1865088"
"03/09/2024","22.0319652"
"04/09/2024","22.0487098"
"05/09/2024","22.0792569"
"06/09/2024","21.9944000"
"09/09/2024","22.1032883"
"10/09/2024","22.0758709"
"11/09/2024","22.1285127"
"12/09/2024","22.1926377"
"13/09/2024","22.3489340"
"16/09/2024","22.3619090"
"17/09/2024","22.3063598"
"18/09/2024","22.3654578"
"19/09/2024","22.4986912"
"20/09/2024","22.5018883"
"23/09/2024","22.5336892"
"24/09/2024","22.5886363"
"25/09/2024","22.5124718"
"26/09/2024","22.6112107"
"27/09/2024","22.5936170"
"30/09/2024","22.5160747"
"01/10/2024","22.6105413"
"02/10/2024","22.6004830"
"03/10/2024","22.6207154"
"04/10/2024","22.6664293"
"07/10/2024","22.6580943"
"08/10/2024","22.6016487"
"09/10/2024","22.6306077"
"10/10/2024","22.6935415"
"11/10/2024","22.7181807"
"14/10/2024","22.7742032"
"15/10/2024","22.6671561"
"16/10/2024","22.7283781"
"17/10/2024","22.7148719"
"18/10/2024","22.7745623"
"21/10/2024","22.7286022"
"22/10/2024","22.6533206"
"23/10/2024","22.5849932"
"24/10/2024","22.6324255"
"25/10/2024","22.6991084"
"28/10/2024","22.6696104"
"29/10/2024","22.6788492"
"30/10/2024","22.5843346"
"31/10/2024","22.4662695"
"01/11/2024","22.4582478"
"04/11/2024","22.4957936"
"05/11/2024","22.5411363"
"06/11/2024","22.6245386"
"07/11/2024","22.6882940"
"08/11/2024","22.7206901"
"11/11/2024","22.7005603"
"12/11/2024","22.7181923"
"13/11/2024","22.7363866"
"14/11/2024","22.7045711"
"15/11/2024","22.6822625"
"18/11/2024","22.6867116"
"19/11/2024","22.7076038"
"20/11/2024","22.6757606"
"21/11/2024","22.7485316"
"22/11/2024","22.7381175"
"25/11/2024","22.7053027"
"26/11/2024","22.6454788"
"27/11/2024","22.6032306"
"28/11/2024","22.5672286"
"29/11/2024","22.6249177"
"02/12/2024","22.6966342"
"03/12/2024","22.5876438"
"04/12/2024","22.7120701"
"05/12/2024","22.6665589"
"06/12/2024","22.6365229"
"09/12/2024","22.6805642"
"10/12/2024","22.5745297"
"11/12/2024","22.7337416"
"12/12/2024","22.7266544"
"13/12/2024","22.6573567"
"16/12/2024","22.7253501"
"17/12/2024","22.6507232"
"18/12/2024","22.4507141"
"19/12/2024","22.3112610"
"20/12/2024","22.4202172"
"23/12/2024","22.4591415"
"24/12/2024","22.5409118"
"26/12/2024","22.5643429"
"27/12/2024","22.5925443"
"30/12/2024","22.5944849"
"31/12/2024","22.5435922"
"02/01/2025","22.5572757"
"03/01/2025","22.6302239"
"06/01/2025","22.7378070"
"07/01/2025","22.7086061"
"08/01/2025","22.7153372"
"09/01/2025","22.6755508"
"10/01/2025","22.5992610"
"13/01/2025","22.5695326"
"14/01/2025","22.6133900"
"15/01/2025","22.6869978"
"16/01/2025","22.6893465"
"17/01/2025","22.6681877"
"20/01/2025","22.6605810"
"21/01/2025","22.7038143"
"22/01/2025","22.6937672"
"23/01/2025","22.6529610"
"24/01/2025","22.6602848"
"27/01/2025","22.5523304"
"28/01/2025","22.5551849"
"29/01/2025","22.5242021"
"30/01/2025","22.6233047"
"31/01/2025","22.6283414"
"03/02/2025","22.5136860"
"04/02/2025","22.5956126"
"05/02/2025","22.7000393"
"06/02/2025","22.7434428"
"07/02/2025","22.7052168"
"10/02/2025","22.7568147"
"11/02/2025","22.7428460"
"12/02/2025","22.7064790"
"13/02/2025","22.7684282"
"14/02/2025","22.7661042"
"17/02/2025","22.7659118"
"18/02/2025","22.7362680"
"19/02/2025","22.7312068"
"20/02/2025","22.6572971"
"21/02/2025","22.5547116"
"24/02/2025","22.5030060"
"25/02/2025","22.4570491"
"26/02/2025","22.4942342"
"27/02/2025","22.3765231"
"28/02/2025","22.4502051"
"03/03/2025","22.3606537"
"04/03/2025","22.3200006"
"05/03/2025","22.3562552"
"06/03/2025","22.2631125"
"07/03/2025","22.3318633"
"10/03/2025","22.2075461"
"11/03/2025","22.1896729"
"12/03/2025","22.2460899"
"13/03/2025","22.2844301"
"14/03/2025","22.3886647"
"17/03/2025","22.4586760"
"18/03/2025","22.4052670"
"19/03/2025","22.4398541"
"20/03/2025","22.4593486"
"21/03/2025","22.4811087"
"24/03/2025","22.5766641"
"25/03/2025","22.5725546"
"26/03/2025","22.4466752"
"27/03/2025","22.3985992"
"28/03/2025","22.3344286"
"31/03/2025","22.3692844"
"01/04/2025","22.3997684"
"02/04/2025","22.4227529"
"03/04/2025","22.1583820"
"04/04/2025","21.8484438"
"07/04/2025","21.8112040"
"08/04/2025","21.7819315"
"09/04/2025","22.1147609"
"10/04/2025","22.0424936"
"11/04/2025","22.1543229"
"14/04/2025","22.2877205"
"15/04/2025","22.3479809"
"16/04/2025","22.1892771"
"17/04/2025","22.1546461"
"18/04/2025","22.1564835"
"21/04/2025","22.0523394"
"22/04/2025","22.1588932"
"23/04/2025","22.2510959"
"24/04/2025","22.3663316"
"25/04/2025","22.4041217"
"28/04/2025","22.4355835"
"29/04/2025","22.4672143"
"30/04/2025","22.4666469"
"01/05/2025","22.3671780"
"02/05/2025","22.4471638"
"05/05/2025","22.5185565"
"06/05/2025","22.5049868"
"07/05/2025","22.4787745"
"08/05/2025","22.4580193"
"09/05/2025","22.6007030"
"12/05/2025","22.7279296"
"13/05/2025","22.8876641"
"14/05/2025","22.9069627"
"15/05/2025","22.9727909"
"16/05/2025","23.0018123"
"19/05/2025","23.0057658"
"20/05/2025","23.0222368"
"21/05/2025","22.9532273"
"22/05/2025","22.8433109"
"23/05/2025","22.8690640"
"26/05/2025","22.8806319"
"27/05/2025","22.8891118"
"28/05/2025","22.8720291"
"29/05/2025","22.8597807"
"30/05/2025","22.7925037"
"02/06/2025","22.9221027"
"03/06/2025","22.9942555"
"04/06/2025","23.0209795"
"05/06/2025","23.1065081"
"06/06/2025","23.2228439"
"09/06/2025","23.1893318"
"10/06/2025","23.2213577"
"11/06/2025","23.2246290"
"12/06/2025","23.2625896"
"13/06/2025","23.2401494"
"16/06/2025","23.2473069"
"17/06/2025","23.2449540"
"18/06/2025","23.1286431"
"19/06/2025","23.1647331"
"20/06/2025","23.1566109"
"23/06/2025","23.1592208"
"24/06/2025","23.2049415"
"25/06/2025","23.2298616"
"26/06/2025","23.3007814"
"27/06/2025","23.3034991"
"30/06/2025","23.3442758"
"01/07/2025","23.4115691"
"02/07/2025","23.4249852"
"03/07/2025","23.4358403"
"04/07/2025","23.4721915"
"07/07/2025","23.4703693"
"08/07/2025","23.3916553"
"09/07/2025","23.4483148"
"10/07/2025","23.4326017"
"11/07/2025","23.4444163"
"14/07/2025","23.4660611"
"15/07/2025","23.4017885"
"16/07/2025","23.3588181"
"17/07/2025","23.4568280"
"18/07/2025","23.4451576"
"21/07/2025","23.5023788"
"22/07/2025","23.5085159"
"23/07/2025","23.5591003"
"24/07/2025","23.5322531"
"25/07/2025","23.5509121"
"28/07/2025","23.5414602"
"29/07/2025","23.5626094"
"30/07/2025","23.6301464"
"31/07/2025","23.6713468"
"01/08/2025","23.6316743"
"04/08/2025","23.7040246"
"05/08/2025","23.6764924"
"06/08/2025","23.7388056"
"07/08/2025","23.7702389"
"08/08/2025","23.7515892"
"11/08/2025","23.7706983"
"12/08/2025","23.8568445"
"13/08/2025","23.9727238"
"14/08/2025","24.0372305"
"15/08/2025","24.0172984"
"18/08/2025","23.9593480"
"19/08/2025","23.8235936"
"20/08/2025","23.7496170"
"21/08/2025","23.7882968"
"22/08/2025","23.8940111"
"25/08/2025","23.9268033"
"26/08/2025","24.0369372"
"27/08/2025","24.0340259"
"28/08/2025","24.1363801"
"29/08/2025","24.0873460"
"01/09/2025","24.1481988"
"02/09/2025","24.1444799"
"03/09/2025","24.1851434"
"04/09/2025","24.1738896"
"05/09/2025","24.2827708"
"08/09/2025","24.3091201"
"09/09/2025","24.2424831"
"10/09/2025","24.2561284"
"11/09/2025","24.3751810"
"12/09/2025","24.3943598"
"15/09/2025","24.3841404"
"16/09/2025","24.3214759"
"17/09/2025","24.3615271"
"18/09/2025","24.3827439"
"19/09/2025","24.4825314"
"22/09/2025","24.5704307"
"23/09/2025","24.5788549"
"24/09/2025","24.5881871"
"25/09/2025","24.5412965"
"26/09/2025","24.5336751"
"29/09/2025","24.5762776"
"30/09/2025","24.5623885"
"01/10/2025","24.6454511"
"02/10/2025","24.6586014"
"03/10/2025","24.5959301"
"06/10/2025","24.6446193"
"07/10/2025","24.5217578"
"08/10/2025","24.6449899"
"09/10/2025","24.4919624"
"10/10/2025","24.3109186"
"13/10/2025","24.3819729"
"14/10/2025","24.3880330"
"15/10/2025","24.4142771"
"16/10/2025","24.4152010"
"17/10/2025","24.3506918"
"20/10/2025","24.4258357"
"21/10/2025","24.3420708"
"22/10/2025","24.3238907"
"23/10/2025","24.3456368"
"24/10/2025","24.3672976"
"27/10/2025","24.3863561"
"28/10/2025","24.4985022"
"29/10/2025","24.5563434"
"30/10/2025","24.4619955"
"31/10/2025","24.4228376"
"03/11/2025","24.4445902"
"04/11/2025","24.3127227"
"05/11/2025","24.3390977"
"06/11/2025","24.3080472"
"07/11/2025","24.2901530"
"10/11/2025","24.3886134"
"11/11/2025","24.3765950"
"12/11/2025","24.4773753"
"13/11/2025","24.3576531"
"14/11/2025","24.2976348"
"17/11/2025","24.1854373"
"18/11/2025","24.1515713"
"19/11/2025","24.2716159"
"20/11/2025","24.0882945"
"21/11/2025","24.1489394"
"24/11/2025","24.2918301"
"25/11/2025","24.2902144"
"26/11/2025","24.4601028"
"27/11/2025","24.4977024"
"28/11/2025","24.5900129"
"01/12/2025","24.6529207"
"02/12/2025","24.6840688"
"03/12/2025","24.7591280"
"04/12/2025","24.8391189"
"05/12/2025","24.8793660"
"08/12/2025","24.8518549"
"09/12/2025","24.9523748"
"10/12/2025","25.0386816"
"11/12/2025","25.1151234"
"12/12/2025","25.0313027"
"15/12/2025","25.0420061"
"16/12/2025","25.0678568"
"17/12/2025","24.9465820"
"18/12/2025","25.0428116"
"19/12/2025","25.1249239"
"22/12/2025","25.2348409"
"23/12/2025","25.2975300"
"24/12/2025","25.3506048"
"26/12/2025","25.4249664"
"29/12/2025","25.2954392"
"30/12/2025","25.3440425"
"31/12/2025","25.3156676"
"02/01/2026","25.4923572"
"05/01/2026","25.6857830"
"06/01/2026","25.8699028"
"07/01/2026","25.8995059"
"08/01/2026","25.9124409"
"09/01/2026","26.0175522"
"12/01/2026","26.1926659"
"13/01/2026","26.2331401"
"14/01/2026","26.2984731"
"15/01/2026","26.3866256"
"16/01/2026","26.4048401"
"19/01/2026","26.4075241"
"20/01/2026","26.5098122"
"21/01/2026","26.6692115"
"22/01/2026","26.7239025"
"23/01/2026","26.8243717"
"26/01/2026","27.0327990"
"27/01/2026","27.1547507"
"28/01/2026","27.2974258"
"29/01/2026","27.3357136"
"30/01/2026","26.8819358"
"02/02/2026","26.8886806"
"03/02/2026","27.0940622"
"04/02/2026","26.9402071"
"05/02/2026","26.7599575"
"06/02/2026","27.0705085"
"09/02/2026","27.3322200"
"10/02/2026","27.2896469"
"11/02/2026","27.3782087"
"12/02/2026","27.0404431"
"13/02/2026","27.1036608"
"16/02/2026","27.0648307"
"17/02/2026","26.9627905"
"18/02/2026","27.1316837"
"19/02/2026","27.2045289"
"20/02/2026","27.3542240"
"23/02/2026","27.4200081"
"24/02/2026","27.5241694"
"25/02/2026","27.6491355"
"26/02/2026","27.6527298"
"27/02/2026","27.7440155"
"02/03/2026","27.7398559"
"03/03/2026","27.2242887"
"04/03/2026","27.2883793"
"05/03/2026","27.0039824"
"06/03/2026","26.9318131"
"09/03/2026","27.0332186"
"10/03/2026","27.0418552"
"11/03/2026","26.9996560"
"12/03/2026","26.7238908"
"13/03/2026","26.5232817"
"16/03/2026","26.5861812"
"17/03/2026","26.6689505"
"18/03/2026","26.4317287"
"19/03/2026","26.1966862"
"20/03/2026","25.8781268"
"23/03/2026","26.2007364"
"24/03/2026","26.2145761"
"25/03/2026","26.3915289"
"26/03/2026","26.1764404"
"27/03/2026","26.0946592"
"30/03/2026","26.0755395"
"31/03/2026","26.4392241"
"01/04/2026","26.6629819"
"02/04/2026","26.5836932"
"03/04/2026","26.5777527"
"06/04/2026","26.5423184"
"07/04/2026","26.5290147"
"08/04/2026","27.0358813"
"09/04/2026","27.1760483"
"10/04/2026","27.2263460"
"13/04/2026","27.3641521"
"14/04/2026","27.4278319"
"15/04/2026","27.2096656"
"16/04/2026","27.4945892"
"17/04/2026","27.5750139"
"20/04/2026","27.5472367"
"21/04/2026","27.2844018"
"22/04/2026","27.4151419"
"23/04/2026","27.3780100"
"24/04/2026","27.6134261"
"27/04/2026","27.6556355"
"28/04/2026","27.4199188"
"29/04/2026","27.3679652"
"30/04/2026","27.6337258"
"01/05/2026","27.6199190"
"04/05/2026","27.5402819"
"05/05/2026","27.6793504"
"06/05/2026","28.0323751"
"07/05/2026","27.9101551"
"08/05/2026","28.1238726"
"11/05/2026","28.3017690"
"12/05/2026","28.1741052"
"13/05/2026","28.2443151"
"14/05/2026","28.2805992"
"15/05/2026","27.8145063"
"18/05/2026","27.6730716"
"19/05/2026","27.5948953"
"20/05/2026","27.8468166"
"21/05/2026","27.9727708"
"22/05/2026","28.0587524"
"25/05/2026","28.0987653"
"26/05/2026","28.5809002"
"27/05/2026","28.5078775"
"28/05/2026","28.5629579"
"29/05/2026","28.6859518"
"01/06/2026","28.7801746"
"02/06/2026","28.9481159"
"03/06/2026","28.8204395"
"04/06/2026","28.6640443"
"05/06/2026","28.0810816"
"08/06/2026","27.9458919"
"09/06/2026","28.3570713"
"10/06/2026","28.2383408"
"11/06/2026","28.8006912"
"12/06/2026","29.0391195"
"15/06/2026","29.4275897"
"16/06/2026","29.3674721"
"17/06/2026","29.3405628"
"18/06/2026","29.4382327"
"19/06/2026","29.4691643"
"22/06/2026","29.5515273"
"23/06/2026","29.0810650"
"24/06/2026","29.0377380"
"25/06/2026","29.1745510"
"26/06/2026","29.0274586"
"29/06/2026","29.0613619"
"30/06/2026","29.2555856"
"01/07/2026","29.0510536"
"02/07/2026","28.9256131"
"03/07/2026","28.9393911"
"06/07/2026","29.1639126"
"07/07/2026","28.8396756"
"08/07/2026","28.7887755"
"09/07/2026","28.9888693"
"10/07/2026","29.1021407"
"13/07/2026","28.8426851"
"14/07/2026","29.0498409"
"15/07/2026","28.9724090"
"16/07/2026","28.7173722"
"17/07/2026","28.6411534"
"20/07/2026","28.5609783"
"21/07/2026","28.9034099"
"22/07/2026","29.0026519"
"23/07/2026","28.9087597"
"24/07/2026","28.6793994"
"27/07/2026","28.6910864"
"28/07/2026","28.3766310"
"29/07/2026","28.0781891"
"30/07/2026","28.5986330"
"31/07/2026","28.5299172"
"03/08/2026","28.6155116"
"04/08/2026","28.9931455"
"05/08/2026","29.0416716"
"06/08/2026","28.9853449"
"07/08/2026","29.1347962"
"10/08/2026","29.0417935"
"11/08/2026","29.0710053"
"12/08/2026","29.1998306"
"13/08/2026","29.2332976"
"14/08/2026","29.2541222"
"17/08/2026","29.3926793"
"18/08/2026","29.0342687"
"19/08/2026","29.0440904"
"20/08/2026","29.0725734"
"21/08/2026","29.1878792"
"24/08/2026","29.0983023"
"25/08/2026","29.2694894"
"26/08/2026","29.3154547"
"27/08/2026","29.3653632"
"28/08/2026","29.2210047"
"31/08/2026","29.2247997"
"01/09/2026","29.0509673"
"02/09/2026","29.1557588"
"03/09/2026","29.2898607"
"04/09/2026","29.3976199"
"07/09/2026","29.3809977"
"08/09/2026","29.4026452"
"09/09/2026","29.4685012"
"10/09/2026","29.2561101"
"11/09/2026","29.3202874"
"14/09/2026","28.9860365"
"15/09/2026","28.9182513"
"16/09/2026","28.9317354"
"17/09/2026","29.1497895"
"18/09/2026","29.1424401"
"21/09/2026","29.3734325"
"22/09/2026","29.5805354"
"23/09/2026","29.2682725"
"24/09/2026","29.2971527"
"25/09/2026","29.4166159"
